flight_id,airline_standard,source,destination,route,departure_time,arrival_time,duration_minutes,overnight_flight,time_anomaly,flight_id_conflict,flight_key
SJ010,SpiceJet,CCU,MAA,CCU → MAA,2026-04-20 23:38:41.701,2026-04-21 02:32:41.701,174.0,True,False,False,FL0001
AI155,Air India,BOM,CCU,BOM → CCU,2026-04-20 23:35:41.703,2026-04-21 01:23:41.703,108.0,True,False,False,FL0002
UK094,Vistara,BOM,CCU,BOM → CCU,2026-04-20 23:26:41.702,2026-04-21 01:11:41.702,105.0,True,False,False,FL0003
AI245,Air India,BOM,CCU,BOM → CCU,2026-04-20 23:07:41.704,2026-04-21 01:43:41.704,156.0,True,False,False,FL0004
AI192,Air India,MAA,BOM,MAA → BOM,2026-04-20 23:05:41.703,2026-04-21 04:04:41.703,299.0,True,False,False,FL0005
SJ158,SpiceJet,DEL,HYD,DEL → HYD,2026-04-20 23:05:41.703,2026-04-21 01:24:41.703,139.0,True,False,False,FL0006
6F196,IndiGo,CCU,MAA,CCU → MAA,2026-04-20 23:04:41.703,2026-04-21 00:47:41.703,103.0,True,False,False,FL0007
AI080,Air India,BOM,HYD,BOM → HYD,2026-04-20 23:03:41.702,2026-04-21 00:35:41.702,92.0,True,False,False,FL0008
6F025,IndiGo,BLR,BOM,BLR → BOM,2026-04-20 23:02:41.701,2026-04-20 23:57:41.701,55.0,False,False,False,FL0009
6F251,Unknown,DEL,BLR,DEL → BLR,2026-04-20 22:56:41.703,2026-04-20 23:37:41.703,41.0,False,False,False,FL0010
AI137,Air India,BOM,DEL,BOM → DEL,2026-04-20 22:49:41.702,2026-04-21 01:17:41.702,148.0,True,False,False,FL0011
6F026,IndiGo,BOM,CCU,BOM → CCU,2026-04-20 22:46:42.000,2026-04-21 03:13:42.000,267.0,True,False,False,FL0012
UK167,Vistara,DEL,MAA,DEL → MAA,2026-04-20 22:45:41.703,2026-04-21 01:46:41.703,181.0,True,False,False,FL0013
UK027,Vistara,BOM,CCU,BOM → CCU,2026-04-20 22:44:41.701,2026-04-21 01:05:41.701,141.0,True,False,False,FL0014
AI069,Unknown,DEL,BOM,DEL → BOM,2026-04-20 22:43:41.702,2026-04-21 02:29:41.702,226.0,True,False,False,FL0015
AI058,Air India,BOM,CCU,BOM → CCU,2026-04-20 22:40:41.701,2026-04-21 00:18:41.701,98.0,True,False,False,FL0016
AI140,Air India,BOM,DEL,BOM → DEL,2026-04-20 22:25:41.702,2026-04-21 02:08:41.702,223.0,True,False,False,FL0017
SJ239,SpiceJet,BOM,CCU,BOM → CCU,2026-04-20 22:24:41.704,2026-04-21 00:10:41.704,106.0,True,False,False,FL0018
6F099,IndiGo,MAA,DEL,MAA → DEL,2026-04-20 22:24:41.702,2026-04-20 22:59:41.702,35.0,False,False,False,FL0019
AI048,Air India,CCU,DEL,CCU → DEL,2026-04-20 22:23:41.701,2026-04-21 02:15:41.701,232.0,True,False,False,FL0020
SJ112,SpiceJet,HYD,DEL,HYD → DEL,2026-04-20 22:20:41.702,2026-04-21 00:40:41.702,140.0,True,False,False,FL0021
6F164,IndiGo,BLR,BOM,BLR → BOM,2026-04-20 22:18:41.703,2026-04-21 00:45:41.703,147.0,True,False,False,FL0022
UK021,Vistara,HYD,MAA,HYD → MAA,2026-04-20 22:00:41.701,2026-04-20 23:50:41.701,110.0,False,False,False,FL0023
SJ172,SpiceJet,CCU,DEL,CCU → DEL,2026-04-20 21:58:41.703,2026-04-21 01:14:41.703,196.0,True,False,False,FL0024
AI060,Air India,DEL,HYD,DEL → HYD,2026-04-20 21:58:41.701,2026-04-20 23:51:41.701,113.0,False,False,False,FL0025
SJ205,SpiceJet,HYD,CCU,HYD → CCU,2026-04-20 21:56:41.703,2026-04-20 23:00:41.703,64.0,False,False,False,FL0026
SJ093,SpiceJet,BLR,BOM,BLR → BOM,2026-04-20 21:55:41.702,2026-04-20 23:01:41.702,66.0,False,False,False,FL0027
6F195,IndiGo,CCU,DEL,CCU → DEL,2026-04-20 21:44:41.703,2026-04-20 22:39:41.703,55.0,False,False,False,FL0028
UK003,Unknown,HYD,DEL,HYD → DEL,2026-04-20 21:41:41.700,2026-04-21 02:19:41.700,278.0,True,False,False,FL0029
UK026,Vistara,HYD,MAA,HYD → MAA,2026-04-20 21:38:41.701,2026-04-20 23:44:41.701,126.0,False,False,False,FL0030
6F174,IndiGo,DEL,HYD,DEL → HYD,2026-04-20 21:36:41.703,2026-04-20 22:16:41.703,40.0,False,False,False,FL0031
UK067,Vistara,BOM,CCU,BOM → CCU,2026-04-20 21:36:41.701,2026-04-21 01:02:41.701,206.0,True,False,False,FL0032
SJ149,SpiceJet,HYD,MAA,HYD → MAA,2026-04-20 21:20:41.702,2026-04-20 23:20:42.000,120.00496666666666,False,False,False,FL0033
6F213,IndiGo,BLR,BOM,BLR → BOM,2026-04-20 21:05:41.703,2026-04-21 00:32:41.703,207.0,True,False,False,FL0034
UK200,Vistara,CCU,DEL,CCU → DEL,2026-04-20 20:54:41.703,2026-04-20 22:45:41.703,111.0,False,False,False,FL0035
SJ214,SpiceJet,BOM,MAA,BOM → MAA,2026-04-20 20:54:41.703,2026-04-20 22:10:41.703,76.0,False,False,False,FL0036
SJ047,SpiceJet,HYD,BOM,HYD → BOM,2026-04-20 20:44:41.701,2026-04-20 21:21:41.701,37.0,False,False,False,FL0037
AI179,Air India,HYD,BOM,HYD → BOM,2026-04-20 20:41:41.703,2026-04-21 01:19:41.703,278.0,True,False,False,FL0038
SJ153,SpiceJet,DEL,CCU,DEL → CCU,2026-04-20 20:37:41.702,2026-04-20 22:00:41.702,83.0,False,False,False,FL0039
6F236,IndiGo,BOM,DEL,BOM → DEL,2026-04-20 20:35:41.704,2026-04-20 23:54:41.704,199.0,False,False,False,FL0040
UK059,Vistara,HYD,MAA,HYD → MAA,2026-04-20 20:33:41.701,2026-04-20 22:10:41.701,97.0,False,False,False,FL0041
SJ001,SpiceJet,BOM,MAA,BOM → MAA,2026-04-20 20:28:41.700,2026-04-21 01:15:41.700,287.0,True,False,False,FL0042
SJ049,SpiceJet,CCU,DEL,CCU → DEL,2026-04-20 20:26:41.701,2026-04-21 00:26:41.701,240.0,True,False,False,FL0043
6F086,IndiGo,MAA,HYD,MAA → HYD,2026-04-20 20:23:41.702,2026-04-20 21:00:41.702,37.0,False,False,False,FL0044
AI220,Air India,BOM,DEL,BOM → DEL,2026-04-20 20:19:41.703,2026-04-20 21:57:41.703,98.0,False,False,False,FL0045
AI188,Air India,CCU,HYD,CCU → HYD,2026-04-20 20:16:41.703,2026-04-20 23:02:41.703,166.0,False,False,False,FL0046
6F114,IndiGo,BOM,MAA,BOM → MAA,2026-04-20 20:10:41.702,2026-04-20 21:00:41.702,50.0,False,False,False,FL0047
SJ179,SpiceJet,DEL,HYD,DEL → HYD,2026-04-20 20:09:41.703,2026-04-20 23:39:41.703,210.0,False,False,False,FL0048
6F190,IndiGo,DEL,MAA,DEL → MAA,2026-04-20 20:02:41.703,2026-04-21 00:36:41.703,274.0,True,False,False,FL0049
SJ003,SpiceJet,MAA,CCU,MAA → CCU,2026-04-20 19:50:41.701,2026-04-20 20:32:41.701,42.0,False,False,False,FL0050
6F028,IndiGo,HYD,CCU,HYD → CCU,2026-04-20 19:49:41.701,2026-04-20 21:49:41.701,120.0,False,False,False,FL0051
UK036,Vistara,CCU,BLR,CCU → BLR,2026-04-20 19:48:41.701,2026-04-21 00:12:41.701,264.0,True,False,False,FL0052
SJ160,SpiceJet,MAA,BLR,MAA → BLR,2026-04-20 19:45:41.703,2026-04-20 20:30:41.703,45.0,False,False,False,FL0053
6F151,IndiGo,CCU,HYD,CCU → HYD,2026-04-20 19:44:41.703,2026-04-20 22:04:41.703,140.0,False,False,False,FL0054
UK140,Vistara,MAA,BLR,MAA → BLR,2026-04-20 19:37:41.703,2026-04-20 21:00:41.703,83.0,False,False,False,FL0055
AI115,Air India,MAA,BLR,MAA → BLR,2026-04-20 19:37:41.702,2026-04-21 00:26:41.702,289.0,True,False,False,FL0056
AI132,Air India,BLR,BOM,BLR → BOM,2026-04-20 19:32:41.702,2026-04-20 21:41:41.702,129.0,False,False,False,FL0057
UK209,Unknown,MAA,BLR,MAA → BLR,2026-04-20 19:02:41.704,2026-04-20 21:47:41.704,165.0,False,False,False,FL0058
SJ043,Unknown,MAA,DEL,MAA → DEL,2026-04-20 18:59:41.701,2026-04-20 21:08:41.701,129.0,False,False,False,FL0059
UK176,Vistara,HYD,BLR,HYD → BLR,2026-04-20 18:41:41.703,2026-04-20 22:49:41.703,248.0,False,False,False,FL0060
UK216,Vistara,MAA,HYD,MAA → HYD,2026-04-20 18:33:41.704,2026-04-20 21:47:41.704,194.0,False,False,False,FL0061
UK150,Vistara,DEL,CCU,DEL → CCU,2026-04-20 18:31:41.703,2026-04-20 19:01:41.703,30.0,False,False,False,FL0062
UK145,Vistara,BOM,HYD,BOM → HYD,2026-04-20 18:30:41.703,2026-04-20 20:41:41.703,131.0,False,False,False,FL0063
6F270,Unknown,HYD,MAA,HYD → MAA,2026-04-20 18:14:41.701,2026-04-20 19:02:41.701,48.0,False,False,False,FL0064
6F012,IndiGo,CCU,HYD,CCU → HYD,2026-04-20 18:06:41.701,2026-04-20 21:31:41.701,205.0,False,False,False,FL0065
SJ236,SpiceJet,MAA,BOM,MAA → BOM,2026-04-20 18:03:41.704,2026-04-20 22:02:41.704,239.0,False,False,False,FL0066
6F149,IndiGo,BLR,CCU,BLR → CCU,2026-04-20 17:57:41.703,2026-04-20 20:42:41.703,165.0,False,False,False,FL0067
UK004,Vistara,BOM,CCU,BOM → CCU,2026-04-20 17:56:41.700,2026-04-20 18:30:41.700,34.0,False,False,False,FL0068
UK010,Vistara,MAA,HYD,MAA → HYD,2026-04-20 17:53:41.701,2026-04-20 20:40:41.701,167.0,False,False,False,FL0069
UK215,Vistara,BOM,DEL,BOM → DEL,2026-04-20 17:38:41.704,2026-04-20 19:50:41.704,132.0,False,False,False,FL0070
SJ116,SpiceJet,HYD,CCU,HYD → CCU,2026-04-20 17:33:41.702,2026-04-20 19:02:41.702,89.0,False,False,False,FL0071
SJ023,SpiceJet,HYD,MAA,HYD → MAA,2026-04-20 17:27:41.701,2026-04-20 19:09:41.701,102.0,False,False,False,FL0072
UK152,Vistara,BOM,CCU,BOM → CCU,2026-04-20 17:24:41.703,2026-04-20 20:13:41.703,169.0,False,False,False,FL0073
SJ202,SpiceJet,CCU,HYD,CCU → HYD,2026-04-20 17:21:41.703,2026-04-20 19:08:41.703,107.0,False,False,False,FL0074
6F043,IndiGo,BOM,HYD,BOM → HYD,2026-04-20 17:17:41.701,2026-04-20 18:43:41.701,86.0,False,False,False,FL0075
UK173,Vistara,MAA,BLR,MAA → BLR,2026-04-20 17:06:41.703,2026-04-20 21:22:41.703,256.0,False,False,False,FL0076
SJ081,SpiceJet,BOM,BLR,BOM → BLR,2026-04-20 17:04:41.702,2026-04-20 18:53:41.702,109.0,False,False,False,FL0077
UK153,Vistara,CCU,HYD,CCU → HYD,2026-04-20 16:52:41.703,2026-04-20 20:53:41.703,241.0,False,False,False,FL0078
UK187,Vistara,BLR,BOM,BLR → BOM,2026-04-20 16:52:41.703,2026-04-20 18:42:41.703,110.0,False,False,False,FL0079
UK055,Vistara,HYD,DEL,HYD → DEL,2026-04-20 16:48:41.701,2026-04-20 19:31:41.701,163.0,False,False,False,FL0080
UK181,Vistara,MAA,DEL,MAA → DEL,2026-04-20 16:44:41.703,2026-04-20 19:26:41.703,162.0,False,False,False,FL0081
UK074,Vistara,BOM,DEL,BOM → DEL,2026-04-20 16:44:41.702,2026-04-20 18:41:41.702,117.0,False,False,False,FL0082
SJ068,SpiceJet,BLR,BOM,BLR → BOM,2026-04-20 16:44:41.701,2026-04-20 18:48:41.701,124.0,False,False,False,FL0083
AI242,Unknown,BLR,CCU,BLR → CCU,2026-04-20 16:41:41.704,2026-04-20 17:43:41.704,62.0,False,False,False,FL0084
SJ237,SpiceJet,BOM,CCU,BOM → CCU,2026-04-20 16:32:41.704,2026-04-20 19:00:41.704,148.0,False,False,False,FL0086
6F194,IndiGo,BOM,CCU,BOM → CCU,2026-04-20 16:29:41.703,2026-04-20 18:27:41.703,118.0,False,False,False,FL0087
UK063,Vistara,DEL,BOM,DEL → BOM,2026-04-20 16:29:41.701,2026-04-20 17:41:41.701,72.0,False,False,False,FL0088
UK068,Vistara,BLR,MAA,BLR → MAA,2026-04-20 16:28:41.701,2026-04-20 18:09:41.701,101.0,False,False,False,FL0089
UK224,Unknown,CCU,MAA,CCU → MAA,2026-04-20 16:25:41.704,2026-04-20 20:24:41.704,239.0,False,False,False,FL0090
UK077,Unknown,HYD,BOM,HYD → BOM,2026-04-20 16:22:41.702,2026-04-20 18:00:41.702,98.0,False,False,False,FL0091
UK207,Vistara,MAA,CCU,MAA → CCU,2026-04-20 16:21:41.703,2026-04-20 17:36:41.703,75.0,False,False,False,FL0092
AI221,Air India,MAA,HYD,MAA → HYD,2026-04-20 16:18:41.703,2026-04-20 18:54:41.703,156.0,False,False,False,FL0093
UK109,Vistara,BLR,BOM,BLR → BOM,2026-04-20 16:06:41.702,2026-04-20 17:06:42.000,60.00496666666666,False,False,False,FL0094
UK089,Vistara,BOM,HYD,BOM → HYD,2026-04-20 15:38:41.702,2026-04-20 19:50:41.702,252.0,False,False,False,FL0095
AI072,Air India,BLR,CCU,BLR → CCU,2026-04-20 15:34:41.702,2026-04-20 16:32:41.702,58.0,False,False,False,FL0096
UK131,Vistara,BOM,DEL,BOM → DEL,2026-04-20 15:33:41.702,2026-04-20 19:39:41.702,246.0,False,False,False,FL0097
SJ150,SpiceJet,BOM,HYD,BOM → HYD,2026-04-20 15:33:41.702,2026-04-20 19:03:41.702,210.0,False,False,False,FL0098
6F097,IndiGo,BLR,BOM,BLR → BOM,2026-04-20 15:32:41.702,2026-04-20 16:49:41.702,77.0,False,False,False,FL0099
6F123,IndiGo,DEL,HYD,DEL → HYD,2026-04-20 15:26:41.702,2026-04-20 17:12:41.702,106.0,False,False,False,FL0100
6F017,IndiGo,CCU,BOM,CCU → BOM,2026-04-20 15:25:41.701,2026-04-20 18:06:41.701,161.0,False,False,False,FL0101
6F245,IndiGo,CCU,BOM,CCU → BOM,2026-04-20 15:25:41.701,2026-04-20 18:06:41.701,161.0,False,False,False,FL0102
6F180,IndiGo,MAA,BLR,MAA → BLR,2026-04-20 15:24:41.703,2026-04-20 19:48:41.703,264.0,False,False,False,FL0103
6F152,IndiGo,CCU,DEL,CCU → DEL,2026-04-20 15:21:41.703,2026-04-20 17:25:41.703,124.0,False,False,False,FL0104
SJ034,SpiceJet,MAA,BOM,MAA → BOM,2026-04-20 15:20:41.701,2026-04-20 20:11:41.701,291.0,False,False,False,FL0105
SJ142,SpiceJet,CCU,BOM,CCU → BOM,2026-04-20 15:14:41.702,2026-04-20 16:56:41.702,102.0,False,False,False,FL0106
UK189,Vistara,BLR,MAA,BLR → MAA,2026-04-20 15:07:41.703,2026-04-20 18:51:41.703,224.0,False,False,False,FL0108
SJ044,SpiceJet,DEL,CCU,DEL → CCU,2026-04-20 15:06:41.701,2026-04-20 17:43:41.701,157.0,False,False,False,FL0109
SJ196,SpiceJet,DEL,HYD,DEL → HYD,2026-04-20 14:58:41.703,2026-04-20 17:44:41.703,166.0,False,False,False,FL0110
6F188,IndiGo,DEL,HYD,DEL → HYD,2026-04-20 14:57:41.703,2026-04-20 19:39:41.703,282.0,False,False,False,FL0111
6F181,IndiGo,BOM,MAA,BOM → MAA,2026-04-20 14:55:41.703,2026-04-20 16:43:41.703,108.0,False,False,False,FL0112
6F077,IndiGo,CCU,DEL,CCU → DEL,2026-04-20 14:55:41.702,2026-04-20 19:13:41.702,258.0,False,False,False,FL0113
SJ154,SpiceJet,BLR,HYD,BLR → HYD,2026-04-20 14:47:41.702,2026-04-20 16:26:41.702,99.0,False,False,False,FL0114
AI025,Air India,HYD,DEL,HYD → DEL,2026-04-20 14:46:41.701,2026-04-20 17:11:41.701,145.0,False,False,False,FL0115
AI094,Air India,DEL,BLR,DEL → BLR,2026-04-20 14:44:41.702,2026-04-20 15:44:42.000,60.00496666666666,False,False,False,FL0116
6F191,IndiGo,BLR,DEL,BLR → DEL,2026-04-20 14:41:41.703,2026-04-20 15:11:41.703,30.0,False,False,False,FL0117
SJ085,SpiceJet,BLR,MAA,BLR → MAA,2026-04-20 14:41:41.702,2026-04-20 19:11:41.702,270.0,False,False,False,FL0118
6F261,Unknown,CCU,DEL,CCU → DEL,2026-04-20 14:31:41.703,2026-04-20 17:29:41.703,178.0,False,False,False,FL0119
6F129,IndiGo,DEL,CCU,DEL → CCU,2026-04-20 14:28:41.702,2026-04-20 16:47:41.702,139.0,False,False,False,FL0120
6F254,Unknown,MAA,BLR,MAA → BLR,2026-04-20 14:26:41.703,2026-04-20 18:01:41.703,215.0,False,False,False,FL0121
SJ185,SpiceJet,BOM,CCU,BOM → CCU,2026-04-20 14:21:41.703,2026-04-20 15:21:41.703,60.0,False,False,False,FL0122
6F030,IndiGo,BOM,DEL,BOM → DEL,2026-04-20 14:20:41.701,2026-04-20 17:10:41.701,170.0,False,False,False,FL0123
SJ222,SpiceJet,BOM,DEL,BOM → DEL,2026-04-20 14:15:41.703,2026-04-20 17:09:41.703,174.0,False,False,False,FL0124
6F259,Unknown,BOM,DEL,BOM → DEL,2026-04-20 14:10:41.703,2026-04-20 15:21:41.703,71.0,False,False,False,FL0125
UK083,Vistara,DEL,HYD,DEL → HYD,2026-04-20 14:10:41.702,2026-04-20 14:59:41.702,49.0,False,False,False,FL0126
6F051,IndiGo,BLR,BOM,BLR → BOM,2026-04-20 13:58:41.701,2026-04-20 15:58:41.701,120.0,False,False,False,FL0127
SJ088,SpiceJet,CCU,MAA,CCU → MAA,2026-04-20 13:54:41.702,2026-04-20 14:26:41.702,32.0,False,False,False,FL0128
6F146,IndiGo,HYD,MAA,HYD → MAA,2026-04-20 13:51:41.703,2026-04-20 15:07:41.703,76.0,False,False,False,FL0129
6F047,IndiGo,MAA,DEL,MAA → DEL,2026-04-20 13:50:41.701,2026-04-20 15:55:41.701,125.0,False,False,False,FL0130
AI077,Air India,CCU,HYD,CCU → HYD,2026-04-20 13:45:41.702,2026-04-20 14:51:41.702,66.0,False,False,False,FL0131
UK134,Vistara,HYD,CCU,HYD → CCU,2026-04-20 13:44:41.702,2026-04-20 17:26:41.702,222.0,False,False,False,FL0132
AI056,Air India,DEL,MAA,DEL → MAA,2026-04-20 13:44:41.701,2026-04-20 17:39:41.701,235.0,False,False,False,FL0133
UK141,Unknown,HYD,MAA,HYD → MAA,2026-04-20 13:38:41.703,2026-04-20 15:59:41.703,141.0,False,False,False,FL0134
AI030,Air India,CCU,HYD,CCU → HYD,2026-04-20 13:33:41.701,2026-04-20 16:52:41.701,199.0,False,False,False,FL0135
AI029,Air India,MAA,DEL,MAA → DEL,2026-04-20 13:29:41.701,2026-04-20 17:53:41.701,264.0,False,False,False,FL0136
SJ167,SpiceJet,MAA,CCU,MAA → CCU,2026-04-20 13:18:41.703,2026-04-20 14:12:41.703,54.0,False,False,False,FL0137
UK017,Vistara,BLR,HYD,BLR → HYD,2026-04-20 13:14:41.701,2026-04-20 14:49:41.701,95.0,False,False,False,FL0138
6F229,IndiGo,MAA,DEL,MAA → DEL,2026-04-20 13:10:41.704,2026-04-20 14:30:41.704,80.0,False,False,False,FL0139
SJ117,SpiceJet,MAA,BLR,MAA → BLR,2026-04-20 13:10:41.702,2026-04-20 17:06:41.702,236.0,False,False,False,FL0140
6F184,IndiGo,MAA,BOM,MAA → BOM,2026-04-20 13:05:41.703,2026-04-20 16:04:41.703,179.0,False,False,False,FL0141
AI031,Air India,DEL,MAA,DEL → MAA,2026-04-20 13:05:41.701,2026-04-20 16:11:41.701,186.0,False,False,False,FL0142
AI178,Air India,CCU,BLR,CCU → BLR,2026-04-20 13:04:41.703,2026-04-20 14:03:41.703,59.0,False,False,False,FL0144
SJ089,SpiceJet,HYD,CCU,HYD → CCU,2026-04-20 12:42:41.702,2026-04-20 17:15:41.702,273.0,False,False,False,FL0145
UK166,Vistara,HYD,MAA,HYD → MAA,2026-04-20 12:39:41.703,2026-04-20 17:32:41.703,293.0,False,False,False,FL0146
UK104,Vistara,DEL,BOM,DEL → BOM,2026-04-20 12:30:41.702,2026-04-20 13:52:41.702,82.0,False,False,False,FL0147
6F168,IndiGo,HYD,DEL,HYD → DEL,2026-04-20 12:18:41.703,2026-04-20 15:58:41.703,220.0,False,False,False,FL0148
AI222,Unknown,BOM,DEL,BOM → DEL,2026-04-20 12:10:41.703,2026-04-20 13:14:41.703,64.0,False,False,False,FL0149
SJ025,SpiceJet,BOM,CCU,BOM → CCU,2026-04-20 12:02:41.701,2026-04-20 15:29:41.701,207.0,False,False,False,FL0150
6F255,Unknown,DEL,BOM,DEL → BOM,2026-04-20 11:59:41.703,2026-04-20 15:33:41.703,214.0,False,False,False,FL0151
UK228,Vistara,DEL,MAA,DEL → MAA,2026-04-20 11:58:41.704,2026-04-20 15:08:41.704,190.0,False,False,False,FL0152
6F158,IndiGo,CCU,MAA,CCU → MAA,2026-04-20 11:58:41.703,2026-04-20 16:04:41.703,246.0,False,False,False,FL0153
SJ218,SpiceJet,DEL,HYD,DEL → HYD,2026-04-20 11:58:41.703,2026-04-20 15:03:41.703,185.0,False,False,False,FL0154
6F034,IndiGo,BOM,DEL,BOM → DEL,2026-04-20 11:53:41.701,2026-04-20 12:49:41.701,56.0,False,False,False,FL0155
UK156,Vistara,MAA,BLR,MAA → BLR,2026-04-20 11:50:41.703,2026-04-20 15:54:41.703,244.0,False,False,False,FL0156
6F105,IndiGo,BLR,BOM,BLR → BOM,2026-04-20 11:46:41.702,2026-04-20 12:58:41.702,72.0,False,False,False,FL0157
6F073,IndiGo,DEL,CCU,DEL → CCU,2026-04-20 11:38:41.702,2026-04-20 15:18:41.702,220.0,False,False,False,FL0158
SJ074,SpiceJet,DEL,CCU,DEL → CCU,2026-04-20 11:21:41.701,2026-04-20 12:02:41.701,41.0,False,False,False,FL0159
6F234,IndiGo,BOM,DEL,BOM → DEL,2026-04-20 11:20:41.704,2026-04-20 14:11:41.704,171.0,False,False,False,FL0160
6F068,IndiGo,BLR,HYD,BLR → HYD,2026-04-20 11:17:41.701,2026-04-20 15:06:41.701,229.0,False,False,False,FL0161
6F074,IndiGo,HYD,BOM,HYD → BOM,2026-04-20 11:09:41.702,2026-04-20 14:29:41.702,200.0,False,False,False,FL0162
AI038,Air India,HYD,MAA,HYD → MAA,2026-04-20 11:05:41.701,2026-04-20 15:44:41.701,279.0,False,False,False,FL0163
AI079,Air India,CCU,BLR,CCU → BLR,2026-04-20 11:04:41.702,2026-04-20 13:19:41.702,135.0,False,False,False,FL0164
SJ018,SpiceJet,BOM,CCU,BOM → CCU,2026-04-20 10:58:41.701,2026-04-20 13:31:41.701,153.0,False,False,False,FL0165
6F018,IndiGo,DEL,BLR,DEL → BLR,2026-04-20 10:57:41.701,2026-04-20 11:43:41.701,46.0,False,False,False,FL0166
AI091,Air India,CCU,MAA,CCU → MAA,2026-04-20 10:52:41.702,2026-04-20 15:15:41.702,263.0,False,False,False,FL0167
UK071,Vistara,DEL,HYD,DEL → HYD,2026-04-20 10:50:41.701,2026-04-20 14:06:41.701,196.0,False,False,False,FL0168
AI019,Air India,BOM,CCU,BOM → CCU,2026-04-20 10:49:41.701,2026-04-20 11:51:41.701,62.0,False,False,False,FL0169
UK212,Vistara,HYD,MAA,HYD → MAA,2026-04-20 10:46:41.704,2026-04-20 11:31:41.704,45.0,False,False,False,FL0170
AI146,Air India,BLR,DEL,BLR → DEL,2026-04-20 10:40:41.702,2026-04-20 13:46:41.702,186.0,False,False,False,FL0171
6F232,IndiGo,MAA,BLR,MAA → BLR,2026-04-20 10:39:41.704,2026-04-20 12:22:41.704,103.0,False,False,False,FL0172
6F084,IndiGo,CCU,HYD,CCU → HYD,2026-04-20 10:34:41.702,2026-04-20 11:34:42.000,60.00496666666666,False,False,False,FL0173
AI129,Air India,BOM,CCU,BOM → CCU,2026-04-20 10:29:41.702,2026-04-20 13:38:41.702,189.0,False,False,False,FL0174
AI240,Air India,MAA,DEL,MAA → DEL,2026-04-20 10:19:41.704,2026-04-20 12:46:41.704,147.0,False,False,False,FL0175
6F091,IndiGo,BLR,CCU,BLR → CCU,2026-04-20 10:10:41.702,2026-04-20 11:36:41.702,86.0,False,False,False,FL0176
UK133,Vistara,BOM,DEL,BOM → DEL,2026-04-20 10:04:41.702,2026-04-20 13:16:41.702,192.0,False,False,False,FL0177
SJ007,SpiceJet,BOM,CCU,BOM → CCU,2026-04-20 10:03:41.701,2026-04-20 14:53:41.701,290.0,False,False,False,FL0178
SJ141,SpiceJet,CCU,DEL,CCU → DEL,2026-04-20 10:00:41.702,2026-04-20 13:37:41.702,217.0,False,False,False,FL0179
6F049,IndiGo,HYD,DEL,HYD → DEL,2026-04-20 10:00:41.701,2026-04-20 13:13:41.701,193.0,False,False,False,FL0180
SJ235,SpiceJet,BOM,DEL,BOM → DEL,2026-04-20 09:57:41.704,2026-04-20 13:45:41.704,228.0,False,False,False,FL0181
UK087,Vistara,HYD,MAA,HYD → MAA,2026-04-20 09:49:41.702,2026-04-20 13:17:41.702,208.0,False,False,False,FL0182
UK170,Vistara,BOM,BLR,BOM → BLR,2026-04-20 09:42:41.703,2026-04-20 11:32:41.703,110.0,False,False,False,FL0183
SJ078,SpiceJet,DEL,HYD,DEL → HYD,2026-04-20 09:41:41.701,2026-04-20 12:49:41.701,188.0,False,False,False,FL0184
SJ075,SpiceJet,MAA,BLR,MAA → BLR,2026-04-20 09:26:41.701,2026-04-20 11:03:41.701,97.0,False,False,False,FL0185
AI159,Air India,HYD,BLR,HYD → BLR,2026-04-20 09:23:41.703,2026-04-20 11:36:41.703,133.0,False,False,False,FL0186
UK120,Vistara,HYD,DEL,HYD → DEL,2026-04-20 09:19:41.702,2026-04-20 13:30:41.702,251.0,False,False,False,FL0187
AI059,Air India,CCU,DEL,CCU → DEL,2026-04-20 09:16:41.701,2026-04-20 11:43:41.701,147.0,False,False,False,FL0188
UK040,Vistara,HYD,CCU,HYD → CCU,2026-04-20 09:15:41.701,2026-04-20 10:32:41.701,77.0,False,False,False,FL0189
AI044,Unknown,MAA,BLR,MAA → BLR,2026-04-20 09:03:41.701,2026-04-20 12:36:41.701,213.0,False,False,False,FL0190
AI078,Air India,DEL,BOM,DEL → BOM,2026-04-20 08:58:41.702,2026-04-20 13:28:41.702,270.0,False,False,False,FL0191
SJ226,SpiceJet,HYD,BOM,HYD → BOM,2026-04-20 08:47:41.704,2026-04-20 12:54:41.704,247.0,False,False,False,FL0192
6F209,IndiGo,MAA,CCU,MAA → CCU,2026-04-20 08:40:41.703,2026-04-20 13:40:41.703,300.0,False,False,False,FL0193
UK193,Vistara,HYD,DEL,HYD → DEL,2026-04-20 08:39:41.703,2026-04-20 09:14:41.703,35.0,False,False,False,FL0194
6F092,IndiGo,MAA,BLR,MAA → BLR,2026-04-20 08:39:41.702,2026-04-20 09:15:41.702,36.0,False,False,False,FL0195
AI208,Air India,BLR,BOM,BLR → BOM,2026-04-20 08:38:41.703,2026-04-20 11:52:41.703,194.0,False,False,False,FL0196
SJ227,SpiceJet,BOM,CCU,BOM → CCU,2026-04-20 08:32:41.704,2026-04-20 12:53:41.704,261.0,False,False,False,FL0197
6F238,IndiGo,BOM,DEL,BOM → DEL,2026-04-20 08:31:41.704,2026-04-20 09:19:41.704,48.0,False,False,False,FL0198
AI084,Air India,BOM,HYD,BOM → HYD,2026-04-20 08:31:41.702,2026-04-20 09:46:41.702,75.0,False,False,False,FL0199
SJ228,SpiceJet,BOM,CCU,BOM → CCU,2026-04-20 08:29:41.704,2026-04-20 12:16:41.704,227.0,False,False,False,FL0200
UK194,Vistara,CCU,BOM,CCU → BOM,2026-04-20 08:26:41.703,2026-04-20 09:26:42.000,60.00495,False,False,False,FL0201
6F126,IndiGo,CCU,MAA,CCU → MAA,2026-04-20 08:21:41.702,2026-04-20 09:39:41.702,78.0,False,False,False,FL0202
SJ052,SpiceJet,MAA,BLR,MAA → BLR,2026-04-20 08:20:41.701,2026-04-20 09:57:41.701,97.0,False,False,False,FL0203
AI233,Air India,BLR,BOM,BLR → BOM,2026-04-20 08:04:41.704,2026-04-20 09:52:41.704,108.0,False,False,False,FL0204
AI213,Air India,HYD,CCU,HYD → CCU,2026-04-20 08:03:41.703,2026-04-20 09:14:41.703,71.0,False,False,False,FL0205
UK076,Vistara,MAA,CCU,MAA → CCU,2026-04-20 08:03:41.702,2026-04-20 12:26:41.702,263.0,False,False,False,FL0206
SJ022,SpiceJet,DEL,BLR,DEL → BLR,2026-04-20 07:56:41.701,2026-04-20 11:07:41.701,191.0,False,False,False,FL0207
SJ002,SpiceJet,DEL,BOM,DEL → BOM,2026-04-20 07:54:41.701,2026-04-20 12:40:41.701,286.0,False,False,False,FL0208
AI163,Air India,HYD,MAA,HYD → MAA,2026-04-20 07:45:41.703,2026-04-20 08:46:41.703,61.0,False,False,False,FL0209
UK229,Unknown,HYD,DEL,HYD → DEL,2026-04-20 07:40:41.704,2026-04-20 11:57:41.704,257.0,False,False,False,FL0210
UK185,Vistara,DEL,MAA,DEL → MAA,2026-04-20 07:31:41.703,2026-04-20 08:48:41.703,77.0,False,False,False,FL0211
6F029,IndiGo,BOM,BLR,BOM → BLR,2026-04-20 07:31:41.701,2026-04-20 11:45:41.701,254.0,False,False,False,FL0212
6F056,IndiGo,BOM,MAA,BOM → MAA,2026-04-20 07:00:41.701,2026-04-20 08:49:41.701,109.0,False,False,False,FL0213
AI062,Air India,MAA,DEL,MAA → DEL,2026-04-20 06:49:41.701,2026-04-20 07:25:41.701,36.0,False,False,False,FL0214
UK034,Vistara,DEL,BLR,DEL → BLR,2026-04-20 06:47:41.701,2026-04-20 10:11:41.701,204.0,False,False,False,FL0215
UK079,Vistara,DEL,BLR,DEL → BLR,2026-04-20 06:43:41.702,2026-04-20 10:34:41.702,231.0,False,False,False,FL0216
AI135,Air India,BLR,BOM,BLR → BOM,2026-04-20 06:40:41.702,2026-04-20 09:21:41.702,161.0,False,False,False,FL0217
SJ061,SpiceJet,MAA,BLR,MAA → BLR,2026-04-20 06:38:41.701,2026-04-20 09:35:41.701,177.0,False,False,False,FL0218
AI047,Unknown,CCU,MAA,CCU → MAA,2026-04-20 06:36:41.701,2026-04-20 07:23:41.701,47.0,False,False,False,FL0219
UK210,Vistara,DEL,CCU,DEL → CCU,2026-04-20 06:35:41.704,2026-04-20 07:30:41.704,55.0,False,False,False,FL0220
AI088,Unknown,MAA,DEL,MAA → DEL,2026-04-20 06:34:41.702,2026-04-20 10:10:41.702,216.0,False,False,False,FL0221
UK177,Vistara,DEL,HYD,DEL → HYD,2026-04-20 06:21:41.703,2026-04-20 10:50:41.703,269.0,False,False,False,FL0222
AI128,Unknown,BOM,CCU,BOM → CCU,2026-04-20 06:07:41.702,2026-04-20 10:03:41.702,236.0,False,False,False,FL0223
AI158,Air India,CCU,DEL,CCU → DEL,2026-04-20 06:04:41.703,2026-04-20 09:01:41.703,177.0,False,False,False,FL0224
UK206,Vistara,MAA,BLR,MAA → BLR,2026-04-20 06:01:41.703,2026-04-20 10:34:41.703,273.0,False,False,False,FL0225
SJ138,Unknown,BLR,BOM,BLR → BOM,2026-04-20 05:55:41.702,2026-04-20 06:43:41.702,48.0,False,False,False,FL0226
AI034,Air India,DEL,BOM,DEL → BOM,2026-04-20 05:48:41.701,2026-04-20 10:31:41.701,283.0,False,False,False,FL0227
AI012,Air India,BOM,CCU,BOM → CCU,2026-04-20 05:44:41.701,2026-04-20 09:47:41.701,243.0,False,False,False,FL0228
6F083,IndiGo,BLR,DEL,BLR → DEL,2026-04-20 05:24:41.702,2026-04-20 06:03:41.702,39.0,False,False,False,FL0229
SJ083,SpiceJet,MAA,BLR,MAA → BLR,2026-04-20 05:13:41.702,2026-04-20 08:17:41.702,184.0,False,False,False,FL0230
SJ186,SpiceJet,CCU,DEL,CCU → DEL,2026-04-20 05:11:41.703,2026-04-20 07:22:41.703,131.0,False,False,False,FL0231
UK001,Vistara,CCU,DEL,CCU → DEL,2026-04-20 05:06:41.700,2026-04-20 06:31:41.700,85.0,False,False,False,FL0232
AI217,Air India,CCU,BLR,CCU → BLR,2026-04-20 04:57:41.703,2026-04-20 07:14:41.703,137.0,False,False,False,FL0233
6F178,IndiGo,BOM,CCU,BOM → CCU,2026-04-20 04:48:41.703,2026-04-20 09:11:41.703,263.0,False,False,False,FL0234
UK015,Vistara,BLR,BOM,BLR → BOM,2026-04-20 04:46:41.701,2026-04-20 06:33:41.701,107.0,False,False,False,FL0235
AI112,Air India,DEL,BLR,DEL → BLR,2026-04-20 04:41:41.702,2026-04-20 08:24:41.702,223.0,False,False,False,FL0236
UK100,Vistara,CCU,BLR,CCU → BLR,2026-04-20 04:40:41.702,2026-04-20 07:12:41.702,152.0,False,False,False,FL0237
6F133,IndiGo,MAA,BLR,MAA → BLR,2026-04-20 04:38:41.702,2026-04-20 06:25:41.702,107.0,False,False,False,FL0238
AI227,Air India,BLR,MAA,BLR → MAA,2026-04-20 04:31:41.703,2026-04-20 08:17:41.703,226.0,False,False,False,FL0239
UK093,Vistara,HYD,CCU,HYD → CCU,2026-04-20 04:31:41.702,2026-04-20 05:21:41.702,50.0,False,False,False,FL0240
UK203,Vistara,BLR,HYD,BLR → HYD,2026-04-20 04:12:41.703,2026-04-20 05:24:41.703,72.0,False,False,False,FL0241
UK154,Vistara,MAA,HYD,MAA → HYD,2026-04-20 04:00:41.703,2026-04-20 07:57:41.703,237.0,False,False,False,FL0242
UK073,Vistara,BLR,CCU,BLR → CCU,2026-04-20 03:59:41.702,2026-04-20 08:09:41.702,250.0,False,False,False,FL0243
AI164,Air India,DEL,BLR,DEL → BLR,2026-04-20 03:57:41.703,2026-04-20 05:45:41.703,108.0,False,False,False,FL0244
UK008,Vistara,CCU,BLR,CCU → BLR,2026-04-20 03:57:41.701,2026-04-20 04:34:41.701,37.0,False,False,False,FL0245
UK051,Vistara,HYD,DEL,HYD → DEL,2026-04-20 03:55:41.701,2026-04-20 06:55:41.701,180.0,False,False,False,FL0246
UK208,Vistara,DEL,CCU,DEL → CCU,2026-04-20 03:54:41.704,2026-04-20 08:51:41.704,297.0,False,False,False,FL0247
AI150,Air India,BOM,DEL,BOM → DEL,2026-04-20 03:51:41.703,2026-04-20 04:38:41.703,47.0,False,False,False,FL0248
AI189,Air India,CCU,DEL,CCU → DEL,2026-04-20 03:44:41.703,2026-04-20 05:32:41.703,108.0,False,False,False,FL0249
6F230,IndiGo,CCU,BLR,CCU → BLR,2026-04-20 03:34:41.704,2026-04-20 06:47:41.704,193.0,False,False,False,FL0250
6F169,IndiGo,BOM,DEL,BOM → DEL,2026-04-20 03:27:41.703,2026-04-20 08:06:41.703,279.0,False,False,False,FL0251
AI205,Air India,BLR,BOM,BLR → BOM,2026-04-20 03:26:41.703,2026-04-20 05:14:41.703,108.0,False,False,False,FL0252
AI103,Air India,BLR,BOM,BLR → BOM,2026-04-20 03:26:41.702,2026-04-20 04:04:41.702,38.0,False,False,False,FL0253
6F250,Unknown,DEL,BLR,DEL → BLR,2026-04-20 03:26:41.701,2026-04-20 07:30:41.701,244.0,False,False,True,FL0254
AI246,Air India,BOM,BLR,BOM → BLR,2026-04-20 03:22:41.704,2026-04-20 06:41:41.704,199.0,False,False,False,FL0255
6F187,IndiGo,BOM,MAA,BOM → MAA,2026-04-20 03:19:41.703,2026-04-20 07:37:41.703,258.0,False,False,False,FL0256
AI082,Air India,DEL,CCU,DEL → CCU,2026-04-20 03:19:41.702,2026-04-20 06:01:41.702,162.0,False,False,False,FL0257
UK116,Vistara,CCU,BOM,CCU → BOM,2026-04-20 03:18:41.702,2026-04-20 07:06:41.702,228.0,False,False,False,FL0258
SJ169,SpiceJet,BOM,MAA,BOM → MAA,2026-04-20 03:10:41.703,2026-04-20 07:56:41.703,286.0,False,False,False,FL0259
AI175,Air India,BOM,HYD,BOM → HYD,2026-04-20 03:08:41.703,2026-04-20 06:55:41.703,227.0,False,False,False,FL0260
SJ098,SpiceJet,HYD,MAA,HYD → MAA,2026-04-20 03:02:41.702,2026-04-20 03:37:41.702,35.0,False,False,False,FL0261
SJ191,SpiceJet,BLR,BOM,BLR → BOM,2026-04-20 03:01:41.703,2026-04-20 04:23:41.703,82.0,False,False,False,FL0262
SJ017,SpiceJet,DEL,MAA,DEL → MAA,2026-04-20 02:57:41.701,2026-04-20 05:00:41.701,123.0,False,False,False,FL0263
UK188,Vistara,MAA,BLR,MAA → BLR,2026-04-20 02:55:41.703,2026-04-20 03:44:41.703,49.0,False,False,False,FL0264
AI196,Air India,MAA,HYD,MAA → HYD,2026-04-20 02:52:41.703,2026-04-20 04:25:41.703,93.0,False,False,False,FL0265
AI068,Air India,BOM,BLR,BOM → BLR,2026-04-20 02:48:41.702,2026-04-20 04:48:42.000,120.00496666666666,False,False,False,FL0266
SJ097,SpiceJet,BOM,CCU,BOM → CCU,2026-04-20 02:37:41.702,2026-04-20 05:27:41.702,170.0,False,False,False,FL0267
SJ030,SpiceJet,DEL,HYD,DEL → HYD,2026-04-20 02:36:41.701,2026-04-20 03:19:41.701,43.0,False,False,False,FL0268
6F179,IndiGo,HYD,MAA,HYD → MAA,2026-04-20 02:25:41.703,2026-04-20 06:40:41.703,255.0,False,False,False,FL0269
6F156,IndiGo,MAA,BOM,MAA → BOM,2026-04-20 02:23:41.703,2026-04-20 04:57:41.703,154.0,False,False,False,FL0270
6F250,Unknown,CCU,BLR,CCU → BLR,2026-04-20 02:23:41.702,2026-04-20 02:56:41.702,33.0,False,False,True,FL0271
SJ057,SpiceJet,BOM,CCU,BOM → CCU,2026-04-20 02:17:41.701,2026-04-20 05:29:41.701,192.0,False,False,False,FL0272
6F036,IndiGo,CCU,BLR,CCU → BLR,2026-04-20 02:14:41.701,2026-04-20 06:57:41.701,283.0,False,False,False,FL0273
6F201,IndiGo,CCU,BOM,CCU → BOM,2026-04-20 02:09:41.703,2026-04-20 06:49:41.703,280.0,False,False,False,FL0274
6F143,IndiGo,CCU,DEL,CCU → DEL,2026-04-20 02:09:41.702,2026-04-20 06:08:41.702,239.0,False,False,False,FL0275
6F177,IndiGo,HYD,MAA,HYD → MAA,2026-04-20 02:03:41.703,2026-04-20 04:25:41.703,142.0,False,False,False,FL0276
6F031,IndiGo,BOM,BLR,BOM → BLR,2026-04-20 02:00:41.701,2026-04-20 06:37:41.701,277.0,False,False,False,FL0277
UK165,Vistara,DEL,BLR,DEL → BLR,2026-04-20 01:51:41.703,2026-04-20 06:04:41.703,253.0,False,False,False,FL0278
6F122,IndiGo,DEL,BLR,DEL → BLR,2026-04-20 01:44:41.702,2026-04-20 05:28:41.702,224.0,False,False,False,FL0279
AI009,Unknown,DEL,CCU,DEL → CCU,2026-04-20 01:31:41.701,2026-04-20 04:05:41.701,154.0,False,False,False,FL0280
6F046,IndiGo,DEL,BLR,DEL → BLR,2026-04-20 01:27:41.701,2026-04-20 05:08:41.701,221.0,False,False,False,FL0281
AI051,Air India,MAA,BLR,MAA → BLR,2026-04-20 01:27:41.701,2026-04-20 02:22:41.701,55.0,False,False,False,FL0282
UK222,Vistara,BOM,CCU,BOM → CCU,2026-04-20 01:22:41.704,2026-04-20 02:57:41.704,95.0,False,False,False,FL0283
SJ127,SpiceJet,BOM,DEL,BOM → DEL,2026-04-20 01:21:41.702,2026-04-20 03:58:41.702,157.0,False,False,False,FL0284
AI226,Unknown,BLR,HYD,BLR → HYD,2026-04-20 01:19:41.703,2026-04-20 04:08:41.703,169.0,False,False,False,FL0285
AI216,Air India,BOM,CCU,BOM → CCU,2026-04-20 01:10:41.703,2026-04-20 02:34:41.703,84.0,False,False,False,FL0286
6F058,IndiGo,BOM,CCU,BOM → CCU,2026-04-20 01:04:41.701,2026-04-20 03:33:41.701,149.0,False,False,False,FL0287
SJ207,SpiceJet,DEL,CCU,DEL → CCU,2026-04-20 00:52:41.703,2026-04-20 04:05:41.703,193.0,False,False,False,FL0288
SJ198,SpiceJet,CCU,BOM,CCU → BOM,2026-04-20 00:47:41.703,2026-04-20 05:28:41.703,281.0,False,False,False,FL0289
SJ108,SpiceJet,BLR,HYD,BLR → HYD,2026-04-20 00:40:41.702,2026-04-20 03:16:41.702,156.0,False,False,False,FL0290
SJ155,SpiceJet,DEL,CCU,DEL → CCU,2026-04-20 00:38:41.702,2026-04-20 05:38:41.702,300.0,False,False,False,FL0291
6F193,IndiGo,BOM,MAA,BOM → MAA,2026-04-20 00:34:41.703,2026-04-20 02:32:41.703,118.0,False,False,False,FL0292
6F019,IndiGo,BLR,BOM,BLR → BOM,2026-04-20 00:19:41.701,2026-04-20 04:14:41.701,235.0,False,False,False,FL0293
AI102,Air India,CCU,BLR,CCU → BLR,2026-04-20 00:17:41.702,2026-04-20 05:08:41.702,291.0,False,False,False,FL0294
6F166,IndiGo,BOM,CCU,BOM → CCU,2026-04-20 00:03:41.703,2026-04-20 04:33:41.703,270.0,False,False,False,FL0295
UK175,Vistara,BLR,BOM,BLR → BOM,2026-04-19 23:56:41.703,2026-04-20 03:18:41.703,202.0,True,False,False,FL0296
6F010,IndiGo,DEL,BLR,DEL → BLR,2026-04-19 23:53:41.701,2026-04-20 03:44:41.701,231.0,True,False,False,FL0297
AI234,Air India,BOM,MAA,BOM → MAA,2026-04-19 23:50:41.704,2026-04-20 01:34:41.704,104.0,True,False,False,FL0298
UK135,Vistara,HYD,DEL,HYD → DEL,2026-04-19 23:50:41.702,2026-04-20 01:43:41.702,113.0,True,False,False,FL0299
6F272,Unknown,HYD,MAA,HYD → MAA,2026-04-19 23:35:41.702,2026-04-20 00:22:41.702,47.0,True,False,False,FL0300
AI061,Air India,BOM,CCU,BOM → CCU,2026-04-19 23:31:41.701,2026-04-20 01:02:41.701,91.0,True,False,False,FL0301
6F070,IndiGo,HYD,DEL,HYD → DEL,2026-04-19 23:23:41.701,2026-04-20 02:24:41.701,181.0,True,False,False,FL0302
AI015,Air India,BLR,CCU,BLR → CCU,2026-04-19 23:21:41.701,2026-04-20 01:15:41.701,114.0,True,False,False,FL0303
SJ076,SpiceJet,DEL,MAA,DEL → MAA,2026-04-19 23:01:41.701,2026-04-20 02:02:41.701,181.0,True,False,False,FL0304
SJ029,Unknown,HYD,DEL,HYD → DEL,2026-04-19 22:55:41.701,2026-04-20 00:22:41.701,87.0,True,False,False,FL0305
SJ194,SpiceJet,CCU,DEL,CCU → DEL,2026-04-19 22:46:41.703,2026-04-20 02:31:41.703,225.0,True,False,False,FL0306
AI235,Air India,BLR,HYD,BLR → HYD,2026-04-19 22:45:41.704,2026-04-20 02:12:41.704,207.0,True,False,False,FL0307
SJ048,SpiceJet,MAA,BLR,MAA → BLR,2026-04-19 22:43:41.701,2026-04-20 00:19:41.701,96.0,True,False,False,FL0308
SJ114,SpiceJet,HYD,DEL,HYD → DEL,2026-04-19 22:42:41.702,2026-04-20 02:02:41.702,200.0,True,False,False,FL0309
SJ146,SpiceJet,HYD,BLR,HYD → BLR,2026-04-19 22:37:41.702,2026-04-20 00:33:41.702,116.0,True,False,False,FL0310
UK041,Vistara,HYD,MAA,HYD → MAA,2026-04-19 22:37:41.701,2026-04-19 23:44:41.701,67.0,False,False,False,FL0312
6F075,IndiGo,BOM,CCU,BOM → CCU,2026-04-19 22:20:41.702,2026-04-20 03:02:41.702,282.0,True,False,False,FL0313
SJ020,SpiceJet,BLR,BOM,BLR → BOM,2026-04-19 22:18:41.701,2026-04-20 02:27:41.701,249.0,True,False,False,FL0314
SJ099,Unknown,MAA,BLR,MAA → BLR,2026-04-19 22:14:41.702,2026-04-20 00:34:41.702,140.0,True,False,False,FL0315
6F078,IndiGo,BOM,CCU,BOM → CCU,2026-04-19 22:04:41.702,2026-04-19 23:37:41.702,93.0,False,False,False,FL0316
UK219,Vistara,BOM,HYD,BOM → HYD,2026-04-19 22:03:41.704,2026-04-20 02:21:41.704,258.0,True,False,False,FL0317
UK223,Vistara,CCU,DEL,CCU → DEL,2026-04-19 21:58:41.704,2026-04-19 22:30:41.704,32.0,False,False,False,FL0318
UK227,Vistara,BOM,HYD,BOM → HYD,2026-04-19 21:57:41.704,2026-04-20 01:47:41.704,230.0,True,False,False,FL0319
6F260,Unknown,CCU,DEL,CCU → DEL,2026-04-19 21:51:41.702,2026-04-20 01:14:41.702,203.0,True,False,False,FL0320
AI096,Air India,CCU,DEL,CCU → DEL,2026-04-19 21:48:41.702,2026-04-20 02:46:41.702,298.0,True,False,False,FL0321
6F022,IndiGo,MAA,BLR,MAA → BLR,2026-04-19 21:46:41.701,2026-04-20 02:05:41.701,259.0,True,False,False,FL0322
6F237,IndiGo,HYD,MAA,HYD → MAA,2026-04-19 21:41:41.704,2026-04-20 00:44:41.704,183.0,True,False,False,FL0323
UK146,Vistara,BOM,MAA,BOM → MAA,2026-04-19 21:40:41.703,2026-04-20 00:08:41.703,148.0,True,False,False,FL0324
SJ015,SpiceJet,BOM,CCU,BOM → CCU,2026-04-19 21:40:41.701,2026-04-19 22:52:41.701,72.0,False,False,False,FL0325
AI108,Air India,BLR,CCU,BLR → CCU,2026-04-19 21:32:41.702,2026-04-20 00:17:41.702,165.0,True,False,False,FL0326
UK020,Vistara,MAA,BLR,MAA → BLR,2026-04-19 21:23:41.701,2026-04-19 22:38:41.701,75.0,False,False,False,FL0327
6F113,IndiGo,BOM,CCU,BOM → CCU,2026-04-19 21:04:41.702,2026-04-20 01:30:41.702,266.0,True,False,False,FL0328
6F112,IndiGo,HYD,DEL,HYD → DEL,2026-04-19 21:00:41.702,2026-04-19 23:16:41.702,136.0,False,False,False,FL0329
6F246,IndiGo,HYD,DEL,HYD → DEL,2026-04-19 21:00:41.702,2026-04-19 23:16:41.702,136.0,False,False,False,FL0330
UK158,Vistara,BOM,MAA,BOM → MAA,2026-04-19 20:49:41.703,2026-04-19 21:22:41.703,33.0,False,False,False,FL0331
UK159,Vistara,CCU,BLR,CCU → BLR,2026-04-19 20:45:41.703,2026-04-19 23:32:41.703,167.0,False,False,False,FL0332
UK084,Vistara,MAA,DEL,MAA → DEL,2026-04-19 20:44:41.702,2026-04-20 00:20:41.702,216.0,True,False,False,FL0333
SJ206,SpiceJet,DEL,CCU,DEL → CCU,2026-04-19 20:43:41.703,2026-04-20 01:21:41.703,278.0,True,False,False,FL0334
UK044,Vistara,BLR,BOM,BLR → BOM,2026-04-19 20:31:41.701,2026-04-19 23:29:41.701,178.0,False,False,False,FL0335
SJ036,SpiceJet,DEL,HYD,DEL → HYD,2026-04-19 20:24:41.701,2026-04-19 23:54:41.701,210.0,False,False,False,FL0336
6F176,IndiGo,CCU,DEL,CCU → DEL,2026-04-19 20:23:42.000,2026-04-19 23:23:42.000,180.0,False,False,False,FL0337
6F148,IndiGo,CCU,BOM,CCU → BOM,2026-04-19 20:23:41.703,2026-04-19 22:30:41.703,127.0,False,False,False,FL0338
6F202,IndiGo,HYD,BLR,HYD → BLR,2026-04-19 20:18:41.703,2026-04-19 23:48:41.703,210.0,False,False,False,FL0339
6F071,IndiGo,DEL,CCU,DEL → CCU,2026-04-19 20:18:41.702,2026-04-20 00:31:41.702,253.0,True,False,False,FL0340
AI105,Air India,CCU,DEL,CCU → DEL,2026-04-19 20:16:41.702,2026-04-19 22:03:41.702,107.0,False,False,False,FL0341
AI241,Air India,HYD,BLR,HYD → BLR,2026-04-19 20:11:41.704,2026-04-19 22:18:41.704,127.0,False,False,False,FL0342
SJ162,SpiceJet,DEL,HYD,DEL → HYD,2026-04-19 20:11:41.703,2026-04-19 22:30:41.703,139.0,False,False,False,FL0343
6F003,IndiGo,HYD,BOM,HYD → BOM,2026-04-19 20:06:41.700,2026-04-19 23:13:41.700,187.0,False,False,False,FL0344
6F249,IndiGo,HYD,BOM,HYD → BOM,2026-04-19 20:06:41.700,2026-04-19 23:13:41.700,187.0,False,False,False,FL0345
AI237,Air India,BOM,CCU,BOM → CCU,2026-04-19 19:58:41.704,2026-04-19 23:13:41.704,195.0,False,False,False,FL0346
SJ134,SpiceJet,BOM,CCU,BOM → CCU,2026-04-19 19:58:41.702,2026-04-20 00:15:41.702,257.0,True,False,False,FL0347
AI071,Air India,BOM,MAA,BOM → MAA,2026-04-19 19:55:41.702,2026-04-19 22:58:41.702,183.0,False,False,False,FL0348
6F118,IndiGo,CCU,HYD,CCU → HYD,2026-04-19 19:52:41.702,2026-04-19 21:01:41.702,69.0,False,False,False,FL0349
6F014,IndiGo,DEL,MAA,DEL → MAA,2026-04-19 19:42:41.701,2026-04-19 23:15:41.701,213.0,False,False,False,FL0350
6F065,IndiGo,MAA,BLR,MAA → BLR,2026-04-19 19:40:41.701,2026-04-19 22:23:41.701,163.0,False,False,False,FL0351
6F271,Unknown,HYD,MAA,HYD → MAA,2026-04-19 19:33:41.702,2026-04-19 22:52:41.702,199.0,False,False,False,FL0352
SJ070,SpiceJet,MAA,CCU,MAA → CCU,2026-04-19 18:55:41.701,2026-04-19 20:48:41.701,113.0,False,False,False,FL0353
6F007,IndiGo,HYD,MAA,HYD → MAA,2026-04-19 18:55:41.701,2026-04-19 19:54:41.701,59.0,False,False,False,FL0354
UK007,Vistara,DEL,HYD,DEL → HYD,2026-04-19 18:50:41.701,2026-04-19 21:04:41.701,134.0,False,False,False,FL0355
SJ192,SpiceJet,HYD,BOM,HYD → BOM,2026-04-19 18:45:42.000,2026-04-18 23:45:42.000,300.0,False,True,False,FL0356
AI097,Air India,HYD,MAA,HYD → MAA,2026-04-19 18:42:41.702,2026-04-19 23:34:41.702,292.0,False,False,False,FL0357
6F256,Unknown,BOM,CCU,BOM → CCU,2026-04-19 18:40:41.702,2026-04-19 19:13:41.702,33.0,False,False,False,FL0358
UK047,Vistara,BLR,HYD,BLR → HYD,2026-04-19 18:40:41.701,2026-04-19 22:45:41.701,245.0,False,False,False,FL0359
AI024,Air India,MAA,BOM,MAA → BOM,2026-04-19 18:38:41.701,2026-04-19 19:45:41.701,67.0,False,False,False,FL0360
UK113,Vistara,CCU,DEL,CCU → DEL,2026-04-19 18:34:41.702,2026-04-19 22:58:41.702,264.0,False,False,False,FL0361
SJ163,SpiceJet,DEL,HYD,DEL → HYD,2026-04-19 18:32:41.703,2026-04-19 23:08:41.703,276.0,False,False,False,FL0362
SJ208,SpiceJet,DEL,HYD,DEL → HYD,2026-04-19 18:32:41.703,2026-04-19 19:33:41.703,61.0,False,False,False,FL0363
SJ221,SpiceJet,MAA,HYD,MAA → HYD,2026-04-19 18:31:41.703,2026-04-19 23:17:41.703,286.0,False,False,False,FL0364
SJ084,SpiceJet,HYD,MAA,HYD → MAA,2026-04-19 18:31:41.702,2026-04-19 19:30:41.702,59.0,False,False,False,FL0365
6F127,IndiGo,HYD,BOM,HYD → BOM,2026-04-19 18:27:41.702,2026-04-19 22:28:41.702,241.0,False,False,False,FL0366
AI122,Air India,BOM,CCU,BOM → CCU,2026-04-19 18:25:41.702,2026-04-19 22:36:41.702,251.0,False,False,False,FL0367
AI139,Air India,HYD,MAA,HYD → MAA,2026-04-19 18:23:41.702,2026-04-19 19:24:41.702,61.0,False,False,False,FL0368
UK149,Vistara,MAA,DEL,MAA → DEL,2026-04-19 18:22:41.703,2026-04-19 23:08:41.703,286.0,False,False,False,FL0369
AI149,Air India,BOM,HYD,BOM → HYD,2026-04-19 18:19:41.703,2026-04-19 21:36:41.703,197.0,False,False,False,FL0370
SJ243,SpiceJet,BLR,DEL,BLR → DEL,2026-04-19 18:17:41.704,2026-04-19 23:03:41.704,286.0,False,False,False,FL0371
AI053,Air India,CCU,DEL,CCU → DEL,2026-04-19 18:04:41.701,2026-04-19 22:19:41.701,255.0,False,False,False,FL0372
UK061,Vistara,BLR,BOM,BLR → BOM,2026-04-19 17:58:41.701,2026-04-19 19:48:41.701,110.0,False,False,False,FL0373
SJ004,SpiceJet,MAA,DEL,MAA → DEL,2026-04-19 17:52:41.701,2026-04-19 21:01:41.701,189.0,False,False,False,FL0374
AI173,Air India,HYD,DEL,HYD → DEL,2026-04-19 17:36:41.703,2026-04-19 22:27:41.703,291.0,False,False,False,FL0375
6F085,IndiGo,HYD,MAA,HYD → MAA,2026-04-19 17:32:41.702,2026-04-19 19:32:42.000,120.00496666666666,False,False,False,FL0376
AI252,Unknown,HYD,DEL,HYD → DEL,2026-04-19 17:30:41.704,2026-04-19 21:54:41.704,264.0,False,False,False,FL0377
SJ109,SpiceJet,BOM,DEL,BOM → DEL,2026-04-19 17:24:41.702,2026-04-19 20:28:41.702,184.0,False,False,False,FL0378
UK123,Vistara,BOM,DEL,BOM → DEL,2026-04-19 17:24:41.702,2026-04-19 20:18:41.702,174.0,False,False,False,FL0379
6F125,IndiGo,BOM,CCU,BOM → CCU,2026-04-19 17:09:41.702,2026-04-19 21:13:41.702,244.0,False,False,False,FL0380
UK183,Vistara,BLR,CCU,BLR → CCU,2026-04-19 17:07:41.703,2026-04-19 18:30:41.703,83.0,False,False,False,FL0381
AI110,Air India,BOM,CCU,BOM → CCU,2026-04-19 17:07:41.702,2026-04-19 22:00:41.702,293.0,False,False,False,FL0382
UK105,Vistara,CCU,HYD,CCU → HYD,2026-04-19 17:04:41.702,2026-04-19 18:11:41.702,67.0,False,False,False,FL0383
6F128,IndiGo,HYD,DEL,HYD → DEL,2026-04-19 16:56:41.702,2026-04-19 18:03:41.702,67.0,False,False,False,FL0384
6F224,IndiGo,DEL,MAA,DEL → MAA,2026-04-19 16:53:41.704,2026-04-19 18:52:41.704,119.0,False,False,False,FL0385
SJ130,SpiceJet,BOM,DEL,BOM → DEL,2026-04-19 16:53:41.702,2026-04-19 20:53:41.702,240.0,False,False,False,FL0386
AI224,Air India,DEL,HYD,DEL → HYD,2026-04-19 16:51:41.703,2026-04-19 21:36:41.703,285.0,False,False,False,FL0387
SJ182,SpiceJet,CCU,BOM,CCU → BOM,2026-04-19 16:48:41.703,2026-04-19 17:36:41.703,48.0,False,False,False,FL0388
UK164,Vistara,BOM,HYD,BOM → HYD,2026-04-19 16:46:41.703,2026-04-19 21:10:41.703,264.0,False,False,False,FL0389
AI161,Air India,CCU,BOM,CCU → BOM,2026-04-19 16:40:41.703,2026-04-19 19:40:41.703,180.0,False,False,False,FL0390
6F206,IndiGo,DEL,BOM,DEL → BOM,2026-04-19 16:39:41.703,2026-04-19 20:59:41.703,260.0,False,False,False,FL0391
SJ204,SpiceJet,CCU,DEL,CCU → DEL,2026-04-19 16:34:41.703,2026-04-19 18:15:41.703,101.0,False,False,False,FL0392
AI206,Air India,CCU,MAA,CCU → MAA,2026-04-19 16:30:41.703,2026-04-19 20:01:41.703,211.0,False,False,False,FL0393
6F140,IndiGo,CCU,HYD,CCU → HYD,2026-04-19 16:30:41.702,2026-04-19 18:21:41.702,111.0,False,False,False,FL0394
6F253,Unknown,MAA,BLR,MAA → BLR,2026-04-19 16:26:41.703,2026-04-19 18:24:41.703,118.0,False,False,False,FL0395
SJ203,Unknown,DEL,HYD,DEL → HYD,2026-04-19 16:22:41.703,2026-04-19 18:27:41.703,125.0,False,False,False,FL0396
SJ161,SpiceJet,MAA,BLR,MAA → BLR,2026-04-19 16:22:41.703,2026-04-19 17:04:41.703,42.0,False,False,False,FL0397
AI098,Air India,HYD,MAA,HYD → MAA,2026-04-19 16:01:41.702,2026-04-19 18:11:41.702,130.0,False,False,False,FL0398
AI168,Unknown,DEL,CCU,DEL → CCU,2026-04-19 15:50:41.703,2026-04-19 20:20:41.703,270.0,False,False,False,FL0399
UK190,Vistara,DEL,BLR,DEL → BLR,2026-04-19 15:49:41.703,2026-04-19 18:53:41.703,184.0,False,False,False,FL0400
AI085,Air India,DEL,HYD,DEL → HYD,2026-04-19 15:45:41.702,2026-04-19 20:33:41.702,288.0,False,False,False,FL0401
AI076,Air India,BLR,BOM,BLR → BOM,2026-04-19 15:37:41.702,2026-04-19 16:12:41.702,35.0,False,False,False,FL0402
UK130,Vistara,MAA,BLR,MAA → BLR,2026-04-19 15:36:41.702,2026-04-19 19:43:41.702,247.0,False,False,False,FL0403
6F038,IndiGo,HYD,MAA,HYD → MAA,2026-04-19 15:36:41.701,2026-04-19 19:33:41.701,237.0,False,False,False,FL0404
UK110,Vistara,HYD,DEL,HYD → DEL,2026-04-19 15:26:41.702,2026-04-19 20:13:41.702,287.0,False,False,False,FL0405
SJ013,SpiceJet,DEL,MAA,DEL → MAA,2026-04-19 15:25:41.701,2026-04-19 19:54:41.701,269.0,False,False,False,FL0406
AI039,Air India,MAA,BLR,MAA → BLR,2026-04-19 15:24:41.701,2026-04-19 18:56:41.701,212.0,False,False,False,FL0407
AI248,Air India,CCU,DEL,CCU → DEL,2026-04-19 15:17:41.704,2026-04-19 16:35:41.704,78.0,False,False,False,FL0408
6F199,IndiGo,DEL,MAA,DEL → MAA,2026-04-19 15:15:41.703,2026-04-19 17:32:41.703,137.0,False,False,False,FL0409
AI225,Air India,BOM,BLR,BOM → BLR,2026-04-19 15:05:41.703,2026-04-19 16:01:41.703,56.0,False,False,False,FL0410
SJ028,SpiceJet,CCU,BOM,CCU → BOM,2026-04-19 15:04:41.701,2026-04-19 19:32:41.701,268.0,False,False,False,FL0411
SJ012,SpiceJet,HYD,BLR,HYD → BLR,2026-04-19 15:01:41.701,2026-04-19 16:12:41.701,71.0,False,False,False,FL0412
SJ131,SpiceJet,MAA,HYD,MAA → HYD,2026-04-19 15:00:41.702,2026-04-19 16:07:41.702,67.0,False,False,False,FL0413
AI010,Air India,BOM,HYD,BOM → HYD,2026-04-19 15:00:41.701,2026-04-19 19:48:41.701,288.0,False,False,False,FL0414
6F020,IndiGo,BOM,HYD,BOM → HYD,2026-04-19 14:58:41.701,2026-04-19 16:43:41.701,105.0,False,False,False,FL0415
SJ038,SpiceJet,BLR,DEL,BLR → DEL,2026-04-19 14:57:41.701,2026-04-19 17:46:41.701,169.0,False,False,False,FL0416
UK204,Vistara,BLR,DEL,BLR → DEL,2026-04-19 14:46:41.703,2026-04-19 16:24:41.703,98.0,False,False,False,FL0417
AI036,Air India,BOM,CCU,BOM → CCU,2026-04-19 14:45:41.701,2026-04-19 16:16:41.701,91.0,False,False,False,FL0418
AI100,Unknown,CCU,BOM,CCU → BOM,2026-04-19 14:42:41.702,2026-04-19 18:22:41.702,220.0,False,False,False,FL0419
SJ215,SpiceJet,CCU,DEL,CCU → DEL,2026-04-19 14:37:41.703,2026-04-19 16:12:41.703,95.0,False,False,False,FL0420
UK155,Vistara,MAA,HYD,MAA → HYD,2026-04-19 14:34:41.703,2026-04-19 18:37:41.703,243.0,False,False,False,FL0421
SJ173,SpiceJet,CCU,HYD,CCU → HYD,2026-04-19 14:27:41.703,2026-04-19 16:09:41.703,102.0,False,False,False,FL0422
UK179,Vistara,DEL,HYD,DEL → HYD,2026-04-19 14:25:41.703,2026-04-19 19:15:41.703,290.0,False,False,False,FL0423
UK221,Vistara,CCU,DEL,CCU → DEL,2026-04-19 14:18:41.704,2026-04-19 18:44:41.704,266.0,False,False,False,FL0424
UK023,Vistara,DEL,MAA,DEL → MAA,2026-04-19 14:15:41.701,2026-04-19 19:03:41.701,288.0,False,False,False,FL0425
SJ107,SpiceJet,BOM,MAA,BOM → MAA,2026-04-19 14:10:41.702,2026-04-19 18:38:41.702,268.0,False,False,False,FL0426
AI073,Air India,BOM,BLR,BOM → BLR,2026-04-19 14:08:41.702,2026-04-19 16:10:41.702,122.0,False,False,False,FL0427
SJ187,SpiceJet,MAA,BLR,MAA → BLR,2026-04-19 14:07:41.703,2026-04-19 17:30:41.703,203.0,False,False,False,FL0428
UK058,Vistara,MAA,BOM,MAA → BOM,2026-04-19 13:46:41.701,2026-04-19 17:04:41.701,198.0,False,False,False,FL0429
SJ063,SpiceJet,MAA,BOM,MAA → BOM,2026-04-19 13:38:41.701,2026-04-19 15:23:41.701,105.0,False,False,False,FL0430
SJ062,SpiceJet,BLR,HYD,BLR → HYD,2026-04-19 13:37:41.701,2026-04-19 17:06:41.701,209.0,False,False,False,FL0431
UK048,Vistara,MAA,DEL,MAA → DEL,2026-04-19 13:36:41.701,2026-04-19 18:21:41.701,285.0,False,False,False,FL0432
AI181,Air India,MAA,HYD,MAA → HYD,2026-04-19 13:29:41.703,2026-04-19 16:55:41.703,206.0,False,False,False,FL0433
AI003,Air India,BLR,HYD,BLR → HYD,2026-04-19 13:27:41.701,2026-04-19 16:55:41.701,208.0,False,False,False,FL0434
6F041,IndiGo,MAA,BOM,MAA → BOM,2026-04-19 13:19:41.701,2026-04-19 16:48:41.701,209.0,False,False,False,FL0435
6F175,IndiGo,MAA,CCU,MAA → CCU,2026-04-19 13:18:41.703,2026-04-19 15:13:41.703,115.0,False,False,False,FL0436
6F013,IndiGo,BOM,CCU,BOM → CCU,2026-04-19 13:15:41.701,2026-04-19 18:05:41.701,290.0,False,False,False,FL0437
SJ040,SpiceJet,BOM,CCU,BOM → CCU,2026-04-19 13:12:41.701,2026-04-19 16:44:41.701,212.0,False,False,False,FL0438
SJ016,SpiceJet,HYD,CCU,HYD → CCU,2026-04-19 13:01:41.701,2026-04-19 16:26:41.701,205.0,False,False,False,FL0439
6F135,IndiGo,MAA,HYD,MAA → HYD,2026-04-19 12:59:41.702,2026-04-19 13:45:41.702,46.0,False,False,False,FL0440
6F150,IndiGo,HYD,MAA,HYD → MAA,2026-04-19 12:55:41.703,2026-04-19 16:53:41.703,238.0,False,False,False,FL0441
AI083,Air India,DEL,BOM,DEL → BOM,2026-04-19 12:54:41.702,2026-04-19 13:37:41.702,43.0,False,False,False,FL0442
SJ166,SpiceJet,CCU,HYD,CCU → HYD,2026-04-19 12:51:41.703,2026-04-19 16:18:41.703,207.0,False,False,False,FL0443
SJ027,Unknown,BOM,MAA,BOM → MAA,2026-04-19 12:50:41.701,2026-04-19 17:13:41.701,263.0,False,False,False,FL0444
6F134,IndiGo,BLR,MAA,BLR → MAA,2026-04-19 12:47:41.702,2026-04-19 14:06:41.702,79.0,False,False,False,FL0445
UK225,Vistara,MAA,BLR,MAA → BLR,2026-04-19 12:46:41.704,2026-04-19 15:02:41.704,136.0,False,False,False,FL0446
SJ175,SpiceJet,MAA,BLR,MAA → BLR,2026-04-19 12:46:41.703,2026-04-19 16:50:41.703,244.0,False,False,False,FL0447
AI182,Air India,HYD,DEL,HYD → DEL,2026-04-19 12:41:41.703,2026-04-19 17:14:41.703,273.0,False,False,False,FL0448
AI190,Air India,BOM,CCU,BOM → CCU,2026-04-19 12:38:41.703,2026-04-19 15:56:41.703,198.0,False,False,False,FL0449
AI120,Air India,MAA,CCU,MAA → CCU,2026-04-19 12:12:41.702,2026-04-19 14:18:41.702,126.0,False,False,False,FL0450
6F132,IndiGo,MAA,BOM,MAA → BOM,2026-04-19 12:00:41.702,2026-04-19 13:00:42.000,60.00496666666666,False,False,False,FL0451
UK102,Vistara,HYD,CCU,HYD → CCU,2026-04-19 11:58:41.702,2026-04-19 14:01:41.702,123.0,False,False,False,FL0452
AI045,Air India,HYD,MAA,HYD → MAA,2026-04-19 11:58:41.701,2026-04-19 14:37:41.701,159.0,False,False,False,FL0453
UK136,Vistara,HYD,CCU,HYD → CCU,2026-04-19 11:43:41.703,2026-04-19 15:26:41.703,223.0,False,False,False,FL0454
SJ238,SpiceJet,MAA,BLR,MAA → BLR,2026-04-19 11:41:41.704,2026-04-19 15:39:41.704,238.0,False,False,False,FL0455
AI193,Air India,MAA,HYD,MAA → HYD,2026-04-19 11:33:41.703,2026-04-19 16:07:41.703,274.0,False,False,False,FL0456
6F001,IndiGo,HYD,BOM,HYD → BOM,2026-04-19 11:33:41.700,2026-04-19 13:08:41.700,95.0,False,False,False,FL0457
6F211,IndiGo,MAA,BLR,MAA → BLR,2026-04-19 11:29:41.703,2026-04-19 16:20:41.703,291.0,False,False,False,FL0458
SJ199,SpiceJet,HYD,BOM,HYD → BOM,2026-04-19 11:29:41.703,2026-04-19 13:59:41.703,150.0,False,False,False,FL0459
SJ050,SpiceJet,HYD,CCU,HYD → CCU,2026-04-19 11:24:41.701,2026-04-19 12:03:41.701,39.0,False,False,False,FL0460
UK115,Vistara,BLR,BOM,BLR → BOM,2026-04-19 11:20:41.702,2026-04-19 13:20:42.000,120.00496666666666,False,False,False,FL0461
AI037,Unknown,BOM,BLR,BOM → BLR,2026-04-19 11:14:41.701,2026-04-19 15:13:41.701,239.0,False,False,False,FL0462
6F235,IndiGo,HYD,MAA,HYD → MAA,2026-04-19 11:06:41.704,2026-04-19 13:51:41.704,165.0,False,False,False,FL0463
UK111,Vistara,MAA,BLR,MAA → BLR,2026-04-19 11:06:41.702,2026-04-19 12:20:41.702,74.0,False,False,False,FL0464
6F005,IndiGo,BOM,MAA,BOM → MAA,2026-04-19 11:04:41.701,2026-04-19 15:27:41.701,263.0,False,False,False,FL0465
AI198,Air India,CCU,MAA,CCU → MAA,2026-04-19 10:56:41.703,2026-04-19 14:19:41.703,203.0,False,False,False,FL0466
UK184,Vistara,MAA,HYD,MAA → HYD,2026-04-19 10:49:41.703,2026-04-19 13:00:41.703,131.0,False,False,False,FL0467
6F219,IndiGo,MAA,DEL,MAA → DEL,2026-04-19 10:32:41.704,2026-04-19 14:37:41.704,245.0,False,False,False,FL0468
UK066,Vistara,BOM,CCU,BOM → CCU,2026-04-19 10:29:41.701,2026-04-19 12:07:41.701,98.0,False,False,False,FL0469
6F220,IndiGo,HYD,BOM,HYD → BOM,2026-04-19 10:27:41.704,2026-04-19 11:25:41.704,58.0,False,False,False,FL0470
AI180,Air India,BOM,CCU,BOM → CCU,2026-04-19 10:19:41.703,2026-04-19 11:00:41.703,41.0,False,False,False,FL0471
6F098,IndiGo,BLR,MAA,BLR → MAA,2026-04-19 10:18:41.702,2026-04-19 12:49:41.702,151.0,False,False,False,FL0472
AI141,Air India,BLR,DEL,BLR → DEL,2026-04-19 10:16:41.702,2026-04-19 14:53:41.702,277.0,False,False,False,FL0473
SJ170,SpiceJet,BLR,BOM,BLR → BOM,2026-04-19 10:11:41.703,2026-04-19 11:56:41.703,105.0,False,False,False,FL0474
SJ178,SpiceJet,BOM,HYD,BOM → HYD,2026-04-19 09:58:41.703,2026-04-19 12:27:41.703,149.0,False,False,False,FL0475
6F172,IndiGo,BOM,BLR,BOM → BLR,2026-04-19 09:53:41.703,2026-04-19 14:46:41.703,293.0,False,False,False,FL0476
UK220,Vistara,BLR,BOM,BLR → BOM,2026-04-19 09:51:41.704,2026-04-19 13:25:41.704,214.0,False,False,False,FL0477
SJ148,SpiceJet,DEL,BLR,DEL → BLR,2026-04-19 09:51:41.702,2026-04-19 13:41:41.702,230.0,False,False,False,FL0478
UK065,Vistara,BOM,CCU,BOM → CCU,2026-04-19 09:38:41.701,2026-04-19 13:46:41.701,248.0,False,False,False,FL0479
6F243,IndiGo,BOM,HYD,BOM → HYD,2026-04-19 09:37:41.704,2026-04-19 10:33:41.704,56.0,False,False,False,FL0480
SJ193,SpiceJet,CCU,DEL,CCU → DEL,2026-04-19 09:37:41.703,2026-04-19 12:16:41.703,159.0,False,False,False,FL0481
UK056,Vistara,HYD,MAA,HYD → MAA,2026-04-19 09:29:41.701,2026-04-19 10:15:41.701,46.0,False,False,False,FL0482
AI219,Unknown,BLR,DEL,BLR → DEL,2026-04-19 09:28:41.703,2026-04-19 11:27:41.703,119.0,False,False,False,FL0483
SJ073,SpiceJet,CCU,BLR,CCU → BLR,2026-04-19 09:26:41.701,2026-04-19 11:14:41.701,108.0,False,False,False,FL0484
6F052,IndiGo,BOM,CCU,BOM → CCU,2026-04-19 09:13:41.701,2026-04-19 12:02:41.701,169.0,False,False,False,FL0485
SJ201,SpiceJet,BLR,DEL,BLR → DEL,2026-04-19 09:10:41.703,2026-04-19 11:12:41.703,122.0,False,False,False,FL0486
UK028,Vistara,HYD,MAA,HYD → MAA,2026-04-19 09:02:41.701,2026-04-19 10:37:41.701,95.0,False,False,False,FL0487
SJ119,SpiceJet,BOM,CCU,BOM → CCU,2026-04-19 08:53:41.702,2026-04-19 11:29:41.702,156.0,False,False,False,FL0488
AI165,Air India,DEL,CCU,DEL → CCU,2026-04-19 08:51:41.703,2026-04-19 10:31:41.703,100.0,False,False,False,FL0489
AI255,Air India,MAA,CCU,MAA → CCU,2026-04-19 08:45:41.704,2026-04-19 13:12:41.704,267.0,False,False,False,FL0490
AI202,Air India,HYD,BLR,HYD → BLR,2026-04-19 08:44:41.703,2026-04-19 10:53:41.703,129.0,False,False,False,FL0491
SJ039,SpiceJet,MAA,BOM,MAA → BOM,2026-04-19 08:41:41.701,2026-04-19 12:08:41.701,207.0,False,False,False,FL0492
SJ051,Unknown,BOM,BLR,BOM → BLR,2026-04-19 08:40:41.701,2026-04-19 12:18:41.701,218.0,False,False,False,FL0493
UK024,Vistara,MAA,BLR,MAA → BLR,2026-04-19 08:29:41.701,2026-04-19 13:29:41.701,300.0,False,False,False,FL0494
SJ006,SpiceJet,HYD,BLR,HYD → BLR,2026-04-19 08:25:41.701,2026-04-19 08:57:41.701,32.0,False,False,False,FL0495
AI207,Air India,BOM,MAA,BOM → MAA,2026-04-19 08:24:41.703,2026-04-19 11:23:41.703,179.0,False,False,False,FL0496
SJ168,SpiceJet,CCU,BOM,CCU → BOM,2026-04-19 08:17:41.703,2026-04-19 12:29:41.703,252.0,False,False,False,FL0497
AI028,Air India,HYD,BOM,HYD → BOM,2026-04-19 07:53:41.701,2026-04-19 08:35:41.701,42.0,False,False,False,FL0498
6F094,IndiGo,BLR,BOM,BLR → BOM,2026-04-19 07:37:41.702,2026-04-19 09:06:41.702,89.0,False,False,False,FL0499
6F024,IndiGo,BOM,DEL,BOM → DEL,2026-04-19 07:31:41.701,2026-04-19 11:17:41.701,226.0,False,False,False,FL0500
6F061,IndiGo,MAA,BOM,MAA → BOM,2026-04-19 07:28:41.701,2026-04-19 08:09:41.701,41.0,False,False,False,FL0501
AI032,Air India,MAA,BLR,MAA → BLR,2026-04-19 07:26:41.701,2026-04-19 09:26:42.000,120.00498333333333,False,False,False,FL0502
UK163,Vistara,DEL,HYD,DEL → HYD,2026-04-19 07:22:41.703,2026-04-19 09:04:41.703,102.0,False,False,False,FL0503
SJ067,SpiceJet,MAA,BLR,MAA → BLR,2026-04-19 07:17:41.701,2026-04-19 08:16:41.701,59.0,False,False,False,FL0505
SJ106,SpiceJet,CCU,DEL,CCU → DEL,2026-04-19 07:16:41.702,2026-04-19 09:40:41.702,144.0,False,False,False,FL0506
AI086,Air India,CCU,HYD,CCU → HYD,2026-04-19 07:13:41.702,2026-04-19 10:09:41.702,176.0,False,False,False,FL0507
6F263,Unknown,DEL,HYD,DEL → HYD,2026-04-19 07:07:41.703,2026-04-19 08:30:41.703,83.0,False,False,False,FL0508
6F163,IndiGo,MAA,BOM,MAA → BOM,2026-04-19 06:49:41.703,2026-04-19 10:46:41.703,237.0,False,False,False,FL0509
SJ064,SpiceJet,CCU,DEL,CCU → DEL,2026-04-19 06:29:41.701,2026-04-19 08:43:41.701,134.0,False,False,False,FL0510
UK118,Vistara,HYD,BLR,HYD → BLR,2026-04-19 06:22:41.702,2026-04-19 07:22:42.000,60.00496666666666,False,False,False,FL0511
UK022,Vistara,DEL,HYD,DEL → HYD,2026-04-19 06:22:41.701,2026-04-19 10:59:41.701,277.0,False,False,False,FL0512
UK099,Vistara,BOM,MAA,BOM → MAA,2026-04-19 06:16:41.702,2026-04-19 10:24:41.702,248.0,False,False,False,FL0513
6F212,IndiGo,BLR,CCU,BLR → CCU,2026-04-19 06:10:41.703,2026-04-19 10:52:41.703,282.0,False,False,False,FL0514
AI023,Air India,HYD,BLR,HYD → BLR,2026-04-19 06:10:41.701,2026-04-19 09:35:41.701,205.0,False,False,False,FL0515
SJ245,SpiceJet,BOM,DEL,BOM → DEL,2026-04-19 06:07:41.704,2026-04-19 09:39:41.704,212.0,False,False,False,FL0516
6F066,IndiGo,BLR,HYD,BLR → HYD,2026-04-19 06:07:41.701,2026-04-19 07:43:41.701,96.0,False,False,False,FL0517
AI138,Air India,DEL,CCU,DEL → CCU,2026-04-19 05:50:41.702,2026-04-19 06:40:41.702,50.0,False,False,False,FL0518
SJ021,SpiceJet,HYD,BLR,HYD → BLR,2026-04-19 05:48:41.701,2026-04-19 09:46:41.701,238.0,False,False,False,FL0519
SJ136,SpiceJet,HYD,BLR,HYD → BLR,2026-04-19 05:45:41.702,2026-04-19 08:04:41.702,139.0,False,False,False,FL0520
AI148,Air India,HYD,MAA,HYD → MAA,2026-04-19 05:41:41.703,2026-04-19 08:32:41.703,171.0,False,False,False,FL0521
SJ014,SpiceJet,BOM,HYD,BOM → HYD,2026-04-19 05:40:41.701,2026-04-19 06:39:41.701,59.0,False,False,False,FL0522
6F104,IndiGo,CCU,BOM,CCU → BOM,2026-04-19 05:39:41.702,2026-04-19 06:14:41.702,35.0,False,False,False,FL0523
SJ121,SpiceJet,CCU,DEL,CCU → DEL,2026-04-19 05:32:41.702,2026-04-19 06:47:41.702,75.0,False,False,False,FL0524
UK174,Vistara,CCU,DEL,CCU → DEL,2026-04-19 05:27:41.703,2026-04-19 07:47:41.703,140.0,False,False,False,FL0525
AI033,Air India,MAA,CCU,MAA → CCU,2026-04-19 05:25:41.701,2026-04-19 10:21:41.701,296.0,False,False,False,FL0526
SJ122,SpiceJet,CCU,BOM,CCU → BOM,2026-04-19 05:22:41.702,2026-04-19 10:09:41.702,287.0,False,False,False,FL0527
UK095,Vistara,BOM,MAA,BOM → MAA,2026-04-19 05:22:41.702,2026-04-19 07:36:41.702,134.0,False,False,False,FL0528
SJ026,SpiceJet,CCU,MAA,CCU → MAA,2026-04-19 05:22:41.701,2026-04-19 09:40:41.701,258.0,False,False,False,FL0529
6F221,IndiGo,MAA,DEL,MAA → DEL,2026-04-19 05:20:41.704,2026-04-19 08:52:41.704,212.0,False,False,False,FL0530
SJ103,SpiceJet,MAA,BLR,MAA → BLR,2026-04-19 05:16:41.702,2026-04-19 08:56:41.702,220.0,False,False,False,FL0531
SJ011,SpiceJet,BOM,MAA,BOM → MAA,2026-04-19 05:14:41.701,2026-04-19 09:59:41.701,285.0,False,False,False,FL0532
AI002,Air India,HYD,BLR,HYD → BLR,2026-04-19 05:12:41.700,2026-04-19 07:12:41.700,120.0,False,False,False,FL0533
AI046,Unknown,DEL,BOM,DEL → BOM,2026-04-19 05:09:41.701,2026-04-19 08:00:41.701,171.0,False,False,False,FL0534
SJ053,SpiceJet,CCU,DEL,CCU → DEL,2026-04-19 05:00:41.701,2026-04-19 06:38:41.701,98.0,False,False,False,FL0535
AI236,Air India,DEL,BOM,DEL → BOM,2026-04-19 04:52:41.704,2026-04-19 09:11:41.704,259.0,False,False,False,FL0536
AI254,Air India,CCU,HYD,CCU → HYD,2026-04-19 04:46:41.704,2026-04-19 08:06:41.704,200.0,False,False,False,FL0537
6F063,IndiGo,DEL,HYD,DEL → HYD,2026-04-19 04:42:41.701,2026-04-19 07:31:41.701,169.0,False,False,False,FL0538
6F115,IndiGo,MAA,BLR,MAA → BLR,2026-04-19 04:41:41.702,2026-04-19 06:23:41.702,102.0,False,False,False,FL0539
UK070,Vistara,BOM,DEL,BOM → DEL,2026-04-19 04:36:41.701,2026-04-19 06:49:41.701,133.0,False,False,False,FL0540
SJ147,SpiceJet,BLR,CCU,BLR → CCU,2026-04-19 04:30:41.702,2026-04-19 08:52:41.702,262.0,False,False,False,FL0541
UK201,Vistara,HYD,BOM,HYD → BOM,2026-04-19 04:29:41.703,2026-04-19 06:42:41.703,133.0,False,False,False,FL0542
SJ234,SpiceJet,BLR,CCU,BLR → CCU,2026-04-19 04:20:41.704,2026-04-19 06:23:41.704,123.0,False,False,False,FL0543
AI176,Air India,BLR,DEL,BLR → DEL,2026-04-19 04:20:41.703,2026-04-19 06:25:41.703,125.0,False,False,False,FL0544
SJ045,SpiceJet,DEL,MAA,DEL → MAA,2026-04-19 04:16:41.701,2026-04-19 09:03:41.701,287.0,False,False,False,FL0545
SJ174,SpiceJet,CCU,DEL,CCU → DEL,2026-04-19 04:09:41.703,2026-04-19 05:04:41.703,55.0,False,False,False,FL0546
AI007,Air India,MAA,DEL,MAA → DEL,2026-04-19 04:01:41.701,2026-04-19 06:01:42.000,120.00498333333333,False,False,False,FL0547
AI143,Air India,CCU,DEL,CCU → DEL,2026-04-19 03:58:41.702,2026-04-19 04:36:41.702,38.0,False,False,False,FL0548
SJ241,SpiceJet,DEL,HYD,DEL → HYD,2026-04-19 03:57:41.704,2026-04-19 06:36:41.704,159.0,False,False,False,FL0549
AI020,Unknown,BOM,BLR,BOM → BLR,2026-04-19 03:53:41.701,2026-04-19 06:21:41.701,148.0,False,False,False,FL0550
UK031,Vistara,CCU,DEL,CCU → DEL,2026-04-19 03:45:41.701,2026-04-19 07:20:41.701,215.0,False,False,False,FL0552
AI013,Air India,HYD,BLR,HYD → BLR,2026-04-19 03:41:41.701,2026-04-19 04:58:41.701,77.0,False,False,False,FL0553
AI249,Air India,BLR,HYD,BLR → HYD,2026-04-19 03:38:41.704,2026-04-19 06:27:41.704,169.0,False,False,False,FL0554
UK046,Vistara,CCU,DEL,CCU → DEL,2026-04-19 03:37:41.701,2026-04-19 06:05:41.701,148.0,False,False,False,FL0555
UK168,Vistara,BLR,CCU,BLR → CCU,2026-04-19 03:20:41.703,2026-04-19 04:09:41.703,49.0,False,False,False,FL0556
AI022,Air India,BOM,MAA,BOM → MAA,2026-04-19 03:15:41.701,2026-04-19 05:10:41.701,115.0,False,False,False,FL0557
UK218,Vistara,MAA,BLR,MAA → BLR,2026-04-19 03:12:41.704,2026-04-19 07:22:41.704,250.0,False,False,False,FL0558
UK142,Vistara,BLR,DEL,BLR → DEL,2026-04-19 03:03:41.703,2026-04-19 07:13:41.703,250.0,False,False,False,FL0559
6F067,IndiGo,MAA,BLR,MAA → BLR,2026-04-19 02:59:41.701,2026-04-19 06:02:41.701,183.0,False,False,False,FL0560
SJ217,SpiceJet,BOM,CCU,BOM → CCU,2026-04-19 02:57:41.703,2026-04-19 06:04:41.703,187.0,False,False,False,FL0561
SJ143,SpiceJet,DEL,BOM,DEL → BOM,2026-04-19 02:55:41.702,2026-04-19 03:52:41.702,57.0,False,False,False,FL0562
AI243,Unknown,BLR,BOM,BLR → BOM,2026-04-19 02:50:41.704,2026-04-19 05:09:41.704,139.0,False,False,False,FL0563
SJ246,SpiceJet,BOM,DEL,BOM → DEL,2026-04-19 02:47:41.704,2026-04-19 03:47:42.000,60.004933333333334,False,False,False,FL0564
6F170,IndiGo,HYD,DEL,HYD → DEL,2026-04-19 02:44:41.703,2026-04-19 04:14:41.703,90.0,False,False,False,FL0565
UK157,Vistara,CCU,BOM,CCU → BOM,2026-04-19 02:41:41.703,2026-04-19 03:41:42.000,60.00495,False,False,False,FL0566
UK172,Vistara,DEL,BOM,DEL → BOM,2026-04-19 02:20:41.703,2026-04-19 05:21:41.703,181.0,False,False,False,FL0567
SJ139,SpiceJet,DEL,BLR,DEL → BLR,2026-04-19 02:20:41.702,2026-04-19 06:02:41.702,222.0,False,False,False,FL0568
UK085,Vistara,MAA,DEL,MAA → DEL,2026-04-19 02:15:41.702,2026-04-19 03:17:41.702,62.0,False,False,False,FL0569
6F079,IndiGo,MAA,HYD,MAA → HYD,2026-04-19 02:14:41.702,2026-04-19 06:18:41.702,244.0,False,False,False,FL0570
SJ032,SpiceJet,MAA,BOM,MAA → BOM,2026-04-19 02:11:41.701,2026-04-19 04:33:41.701,142.0,False,False,False,FL0571
6F182,IndiGo,BOM,CCU,BOM → CCU,2026-04-19 02:10:41.703,2026-04-19 04:18:41.703,128.0,False,False,False,FL0572
AI106,Air India,HYD,BLR,HYD → BLR,2026-04-19 02:07:41.702,2026-04-19 03:20:41.702,73.0,False,False,False,FL0573
AI200,Air India,HYD,MAA,HYD → MAA,2026-04-19 02:05:41.703,2026-04-19 05:29:41.703,204.0,False,False,False,FL0574
6F142,IndiGo,CCU,MAA,CCU → MAA,2026-04-19 02:05:41.702,2026-04-19 06:04:41.702,239.0,False,False,False,FL0575
SJ079,SpiceJet,HYD,DEL,HYD → DEL,2026-04-19 01:58:41.702,2026-04-19 05:02:41.702,184.0,False,False,False,FL0576
SJ082,SpiceJet,BOM,DEL,BOM → DEL,2026-04-19 01:54:41.702,2026-04-19 02:33:41.702,39.0,False,False,False,FL0577
SJ110,SpiceJet,CCU,DEL,CCU → DEL,2026-04-19 01:47:41.702,2026-04-19 02:20:41.702,33.0,False,False,False,FL0578
6F262,Unknown,MAA,DEL,MAA → DEL,2026-04-19 01:44:41.702,2026-04-19 02:47:41.702,63.0,False,False,False,FL0579
UK143,Vistara,BLR,BOM,BLR → BOM,2026-04-19 01:34:41.703,2026-04-19 02:48:41.703,74.0,False,False,False,FL0580
6F269,Unknown,HYD,MAA,HYD → MAA,2026-04-19 01:30:41.702,2026-04-19 02:52:41.702,82.0,False,False,False,FL0581
6F214,IndiGo,BOM,CCU,BOM → CCU,2026-04-19 01:21:41.703,2026-04-19 05:20:41.703,239.0,False,False,False,FL0582
SJ213,SpiceJet,BOM,CCU,BOM → CCU,2026-04-19 01:19:41.703,2026-04-19 04:48:41.703,209.0,False,False,False,FL0583
SJ072,SpiceJet,DEL,HYD,DEL → HYD,2026-04-19 01:18:41.701,2026-04-19 04:08:41.701,170.0,False,False,False,FL0584
6F059,IndiGo,BOM,DEL,BOM → DEL,2026-04-19 01:12:41.701,2026-04-19 06:02:41.701,290.0,False,False,False,FL0585
UK202,Vistara,DEL,HYD,DEL → HYD,2026-04-19 01:11:41.703,2026-04-19 05:37:41.703,266.0,False,False,False,FL0586
UK037,Vistara,BLR,BOM,BLR → BOM,2026-04-19 01:10:41.701,2026-04-19 05:12:41.701,242.0,False,False,False,FL0587
UK069,Vistara,CCU,DEL,CCU → DEL,2026-04-19 01:10:41.701,2026-04-19 03:23:41.701,133.0,False,False,False,FL0588
SJ118,SpiceJet,DEL,BOM,DEL → BOM,2026-04-19 01:08:41.702,2026-04-19 02:33:41.702,85.0,False,False,False,FL0589
6F145,IndiGo,CCU,DEL,CCU → DEL,2026-04-19 01:02:41.703,2026-04-19 02:18:41.703,76.0,False,False,False,FL0591
UK097,Vistara,HYD,BOM,HYD → BOM,2026-04-19 00:49:41.702,2026-04-19 05:00:41.702,251.0,False,False,False,FL0592
6F117,IndiGo,CCU,DEL,CCU → DEL,2026-04-19 00:46:41.702,2026-04-19 01:51:41.702,65.0,False,False,False,FL0593
6F226,IndiGo,DEL,BOM,DEL → BOM,2026-04-19 00:38:41.704,2026-04-19 02:55:41.704,137.0,False,False,False,FL0594
6F050,IndiGo,DEL,BOM,DEL → BOM,2026-04-19 00:35:41.701,2026-04-19 04:32:41.701,237.0,False,False,False,FL0595
UK196,Vistara,BOM,HYD,BOM → HYD,2026-04-19 00:32:41.703,2026-04-19 04:49:41.703,257.0,False,False,False,FL0596
SJ086,SpiceJet,CCU,DEL,CCU → DEL,2026-04-19 00:32:41.702,2026-04-19 04:17:41.702,225.0,False,False,False,FL0597
AI134,Air India,HYD,BOM,HYD → BOM,2026-04-19 00:28:41.702,2026-04-19 04:23:41.702,235.0,False,False,False,FL0598
AI043,Air India,CCU,DEL,CCU → DEL,2026-04-19 00:28:41.701,2026-04-19 04:37:41.701,249.0,False,False,False,FL0599
UK119,Vistara,BOM,CCU,BOM → CCU,2026-04-19 00:21:41.702,2026-04-19 04:38:41.702,257.0,False,False,False,FL0601
SJ181,SpiceJet,BOM,BLR,BOM → BLR,2026-04-19 00:20:41.703,2026-04-19 01:49:41.703,89.0,False,False,False,FL0602
AI070,Air India,CCU,DEL,CCU → DEL,2026-04-19 00:05:41.702,2026-04-19 01:44:41.702,99.0,False,False,False,FL0603
6F233,IndiGo,BLR,BOM,BLR → BOM,2026-04-18 23:56:41.704,2026-04-19 03:53:41.704,237.0,True,False,False,FL0605
UK013,Vistara,BOM,MAA,BOM → MAA,2026-04-18 23:52:41.701,2026-04-19 02:52:41.701,180.0,True,False,False,FL0606
6F015,IndiGo,BOM,CCU,BOM → CCU,2026-04-18 23:39:41.701,2026-04-19 02:27:41.701,168.0,True,False,False,FL0608
SJ247,SpiceJet,DEL,BOM,DEL → BOM,2026-04-18 23:38:41.704,2026-04-19 03:43:41.704,245.0,True,False,False,FL0609
AI067,Air India,HYD,DEL,HYD → DEL,2026-04-18 23:36:41.701,2026-04-19 03:09:41.701,213.0,True,False,False,FL0610
AI211,Air India,DEL,CCU,DEL → CCU,2026-04-18 23:34:41.703,2026-04-19 01:21:41.703,107.0,True,False,False,FL0611
UK029,Vistara,DEL,BOM,DEL → BOM,2026-04-18 23:26:41.701,2026-04-19 02:15:41.701,169.0,True,False,False,FL0612
SJ200,SpiceJet,BOM,DEL,BOM → DEL,2026-04-18 23:24:41.703,2026-04-19 02:11:41.703,167.0,True,False,False,FL0613
6F087,IndiGo,DEL,HYD,DEL → HYD,2026-04-18 23:24:41.702,2026-04-19 03:10:41.702,226.0,True,False,False,FL0614
SJ210,SpiceJet,HYD,CCU,HYD → CCU,2026-04-18 23:21:41.703,2026-04-19 02:54:41.703,213.0,True,False,False,FL0615
AI101,Air India,DEL,BLR,DEL → BLR,2026-04-18 23:20:41.702,2026-04-19 02:23:41.702,183.0,True,False,False,FL0616
UK075,Vistara,MAA,CCU,MAA → CCU,2026-04-18 23:15:41.702,2026-04-19 03:54:41.702,279.0,True,False,False,FL0617
SJ091,SpiceJet,BLR,CCU,BLR → CCU,2026-04-18 23:10:41.702,2026-04-19 00:47:41.702,97.0,True,False,False,FL0618
AI251,Air India,MAA,DEL,MAA → DEL,2026-04-18 22:40:41.704,2026-04-18 23:24:41.704,44.0,False,False,False,FL0619
SJ042,SpiceJet,HYD,CCU,HYD → CCU,2026-04-18 22:38:41.701,2026-04-19 02:20:41.701,222.0,True,False,False,FL0620
UK126,Vistara,CCU,DEL,CCU → DEL,2026-04-18 22:37:41.702,2026-04-19 00:03:41.702,86.0,True,False,False,FL0621
6F042,IndiGo,HYD,DEL,HYD → DEL,2026-04-18 22:35:41.701,2026-04-19 02:41:41.701,246.0,True,False,False,FL0622
AI116,Air India,CCU,BOM,CCU → BOM,2026-04-18 22:30:41.702,2026-04-19 01:57:41.702,207.0,True,False,False,FL0623
SJ209,SpiceJet,BLR,BOM,BLR → BOM,2026-04-18 22:22:41.703,2026-04-19 02:03:41.703,221.0,True,False,False,FL0624
AI123,Air India,MAA,BOM,MAA → BOM,2026-04-18 22:19:41.702,2026-04-19 00:45:41.702,146.0,True,False,False,FL0625
6F016,IndiGo,HYD,BOM,HYD → BOM,2026-04-18 22:18:41.701,2026-04-18 22:54:41.701,36.0,False,False,False,FL0626
UK012,Vistara,MAA,BOM,MAA → BOM,2026-04-18 22:16:41.701,2026-04-19 00:25:41.701,129.0,True,False,False,FL0627
SJ188,SpiceJet,BLR,BOM,BLR → BOM,2026-04-18 22:15:41.703,2026-04-18 22:55:41.703,40.0,False,False,False,FL0628
UK096,Vistara,BLR,HYD,BLR → HYD,2026-04-18 22:11:41.702,2026-04-19 00:06:41.702,115.0,True,False,False,FL0629
SJ046,SpiceJet,BOM,MAA,BOM → MAA,2026-04-18 22:01:41.701,2026-04-19 01:25:41.701,204.0,True,False,False,FL0630
UK081,Unknown,BLR,DEL,BLR → DEL,2026-04-18 22:00:41.702,2026-04-18 23:00:41.702,60.0,False,False,False,FL0631
UK191,Vistara,MAA,BLR,MAA → BLR,2026-04-18 21:51:41.703,2026-04-18 22:57:41.703,66.0,False,False,False,FL0632
6F064,IndiGo,CCU,DEL,CCU → DEL,2026-04-18 21:45:41.701,2026-04-18 22:50:41.701,65.0,False,False,False,FL0633
AI005,Air India,DEL,CCU,DEL → CCU,2026-04-18 21:24:41.701,2026-04-18 22:11:41.701,47.0,False,False,False,FL0634
6F021,IndiGo,BLR,MAA,BLR → MAA,2026-04-18 21:23:41.701,2026-04-19 01:25:41.701,242.0,True,False,False,FL0635
AI169,Air India,CCU,DEL,CCU → DEL,2026-04-18 21:21:41.703,2026-04-19 01:34:41.703,253.0,True,False,False,FL0636
UK035,Vistara,HYD,BOM,HYD → BOM,2026-04-18 21:08:41.701,2026-04-18 22:24:41.701,76.0,False,False,False,FL0637
AI040,Air India,HYD,BLR,HYD → BLR,2026-04-18 21:01:41.701,2026-04-18 22:42:41.701,101.0,False,False,False,FL0638
UK042,Vistara,MAA,BOM,MAA → BOM,2026-04-18 20:59:41.701,2026-04-19 01:38:41.701,279.0,True,False,False,FL0639
SJ171,SpiceJet,DEL,HYD,DEL → HYD,2026-04-18 20:52:41.703,2026-04-18 23:52:41.703,180.0,False,False,False,FL0640
AI250,Unknown,BOM,CCU,BOM → CCU,2026-04-18 20:48:41.704,2026-04-19 00:12:41.704,204.0,True,False,False,FL0641
SJ195,SpiceJet,BOM,CCU,BOM → CCU,2026-04-18 20:41:41.703,2026-04-18 23:54:41.703,193.0,False,False,False,FL0642
UK211,Vistara,MAA,CCU,MAA → CCU,2026-04-18 20:39:41.704,2026-04-18 22:02:41.704,83.0,False,False,False,FL0643
UK122,Vistara,HYD,CCU,HYD → CCU,2026-04-18 20:29:42.000,2026-04-18 23:29:42.000,180.0,False,False,False,FL0644
AI136,Air India,BLR,DEL,BLR → DEL,2026-04-18 20:29:41.702,2026-04-18 23:48:41.702,199.0,False,False,False,FL0645
6F141,IndiGo,BOM,CCU,BOM → CCU,2026-04-18 20:26:41.702,2026-04-18 22:28:41.702,122.0,False,False,False,FL0646
6F053,IndiGo,DEL,HYD,DEL → HYD,2026-04-18 20:26:41.701,2026-04-19 00:39:41.701,253.0,True,False,False,FL0647
6F136,IndiGo,CCU,DEL,CCU → DEL,2026-04-18 20:24:41.702,2026-04-18 21:01:41.702,37.0,False,False,False,FL0648
6F009,IndiGo,BLR,CCU,BLR → CCU,2026-04-18 20:21:41.701,2026-04-18 23:36:41.701,195.0,False,False,False,FL0649
6F023,IndiGo,MAA,BLR,MAA → BLR,2026-04-18 20:18:41.701,2026-04-19 00:14:41.701,236.0,True,False,False,FL0650
UK006,Vistara,MAA,CCU,MAA → CCU,2026-04-18 20:16:41.701,2026-04-18 21:55:41.701,99.0,False,False,False,FL0651
SJ165,SpiceJet,CCU,BOM,CCU → BOM,2026-04-18 20:08:41.703,2026-04-18 23:18:41.703,190.0,False,False,False,FL0652
6F189,IndiGo,MAA,BLR,MAA → BLR,2026-04-18 20:08:41.703,2026-04-18 21:51:41.703,103.0,False,False,False,FL0653
AI131,Air India,MAA,BOM,MAA → BOM,2026-04-18 19:55:41.702,2026-04-18 22:35:41.702,160.0,False,False,False,FL0654
6F004,IndiGo,BOM,CCU,BOM → CCU,2026-04-18 19:53:41.701,2026-04-18 23:33:41.701,220.0,False,False,False,FL0655
AI027,Air India,BOM,MAA,BOM → MAA,2026-04-18 19:41:41.701,2026-04-18 23:23:41.701,222.0,False,False,False,FL0656
AI238,Air India,CCU,MAA,CCU → MAA,2026-04-18 19:25:41.704,2026-04-19 00:07:41.704,282.0,True,False,False,FL0657
SJ105,SpiceJet,BOM,HYD,BOM → HYD,2026-04-18 19:22:41.702,2026-04-18 22:48:41.702,206.0,False,False,False,FL0658
UK088,Unknown,MAA,BLR,MAA → BLR,2026-04-18 19:16:41.702,2026-04-18 23:36:41.702,260.0,False,False,False,FL0659
6F035,IndiGo,CCU,HYD,CCU → HYD,2026-04-18 19:16:41.701,2026-04-18 23:40:41.701,264.0,False,False,False,FL0660
AI133,Air India,DEL,CCU,DEL → CCU,2026-04-18 19:12:41.702,2026-04-18 21:32:41.702,140.0,False,False,False,FL0661
AI001,Air India,DEL,HYD,DEL → HYD,2026-04-18 19:00:41.700,2026-04-18 22:03:41.700,183.0,False,False,False,FL0662
SJ133,SpiceJet,BOM,CCU,BOM → CCU,2026-04-18 18:50:41.702,2026-04-18 21:29:41.702,159.0,False,False,False,FL0663
SJ216,SpiceJet,BOM,CCU,BOM → CCU,2026-04-18 18:35:41.703,2026-04-18 21:31:41.703,176.0,False,False,False,FL0664
SJ225,Unknown,DEL,HYD,DEL → HYD,2026-04-18 18:16:41.704,2026-04-18 20:53:41.704,157.0,False,False,False,FL0665
AI147,Air India,HYD,CCU,HYD → CCU,2026-04-18 18:14:41.703,2026-04-18 20:10:41.703,116.0,False,False,False,FL0666
SJ054,SpiceJet,MAA,BLR,MAA → BLR,2026-04-18 18:13:41.701,2026-04-18 22:46:41.701,273.0,False,False,False,FL0667
6F197,IndiGo,BOM,BLR,BOM → BLR,2026-04-18 17:59:41.703,2026-04-18 22:44:41.703,285.0,False,False,False,FL0668
SJ066,SpiceJet,HYD,CCU,HYD → CCU,2026-04-18 17:47:41.701,2026-04-18 19:03:41.701,76.0,False,False,False,FL0669
SJ183,SpiceJet,CCU,DEL,CCU → DEL,2026-04-18 17:44:41.703,2026-04-18 19:40:41.703,116.0,False,False,False,FL0670
SJ151,SpiceJet,BOM,CCU,BOM → CCU,2026-04-18 17:44:41.702,2026-04-18 19:16:41.702,92.0,False,False,False,FL0671
SJ071,SpiceJet,CCU,MAA,CCU → MAA,2026-04-18 17:43:41.701,2026-04-18 19:32:41.701,109.0,False,False,False,FL0672
SJ102,SpiceJet,MAA,CCU,MAA → CCU,2026-04-18 17:26:41.702,2026-04-18 18:58:41.702,92.0,False,False,False,FL0673
AI209,Air India,BLR,CCU,BLR → CCU,2026-04-18 17:25:41.703,2026-04-18 18:37:41.703,72.0,False,False,False,FL0674
6F111,IndiGo,HYD,DEL,HYD → DEL,2026-04-18 17:09:41.702,2026-04-18 20:02:41.702,173.0,False,False,False,FL0675
AI050,Air India,BLR,BOM,BLR → BOM,2026-04-18 17:07:41.701,2026-04-18 19:42:41.701,155.0,False,False,False,FL0676
SJ189,SpiceJet,HYD,BLR,HYD → BLR,2026-04-18 17:05:41.703,2026-04-18 22:01:41.703,296.0,False,False,False,FL0677
UK112,Unknown,CCU,DEL,CCU → DEL,2026-04-18 17:05:41.702,2026-04-18 19:47:41.702,162.0,False,False,False,FL0678
6F171,IndiGo,DEL,BLR,DEL → BLR,2026-04-18 17:03:41.703,2026-04-18 18:12:41.703,69.0,False,False,False,FL0679
AI011,Air India,CCU,BOM,CCU → BOM,2026-04-18 16:58:41.701,2026-04-18 21:01:41.701,243.0,False,False,False,FL0680
6F027,IndiGo,BLR,DEL,BLR → DEL,2026-04-18 16:52:41.701,2026-04-18 18:21:41.701,89.0,False,False,False,FL0681
UK082,Vistara,DEL,BOM,DEL → BOM,2026-04-18 16:50:41.702,2026-04-18 21:21:41.702,271.0,False,False,False,FL0682
UK138,Vistara,DEL,BLR,DEL → BLR,2026-04-18 16:47:41.703,2026-04-18 19:36:41.703,169.0,False,False,False,FL0683
UK198,Vistara,DEL,BLR,DEL → BLR,2026-04-18 16:43:41.703,2026-04-18 18:18:41.703,95.0,False,False,False,FL0684
6F039,IndiGo,MAA,CCU,MAA → CCU,2026-04-18 16:43:41.701,2026-04-18 21:01:41.701,258.0,False,False,False,FL0685
6F157,IndiGo,MAA,CCU,MAA → CCU,2026-04-18 16:37:41.703,2026-04-18 18:04:41.703,87.0,False,False,False,FL0686
SJ024,SpiceJet,DEL,MAA,DEL → MAA,2026-04-18 16:29:41.701,2026-04-18 20:21:41.701,232.0,False,False,False,FL0687
6F167,IndiGo,BLR,BOM,BLR → BOM,2026-04-18 16:26:41.703,2026-04-18 17:50:41.703,84.0,False,False,False,FL0688
AI197,Air India,BOM,CCU,BOM → CCU,2026-04-18 16:25:41.703,2026-04-18 20:00:41.703,215.0,False,False,False,FL0689
SJ211,SpiceJet,MAA,BOM,MAA → BOM,2026-04-18 16:22:41.703,2026-04-18 18:34:41.703,132.0,False,False,False,FL0690
6F055,IndiGo,DEL,CCU,DEL → CCU,2026-04-18 16:21:41.701,2026-04-18 18:49:41.701,148.0,False,False,False,FL0691
AI253,Air India,BLR,BOM,BLR → BOM,2026-04-18 16:13:41.704,2026-04-18 19:51:41.704,218.0,False,False,False,FL0692
UK060,Vistara,BLR,CCU,BLR → CCU,2026-04-18 16:09:41.701,2026-04-18 19:42:41.701,213.0,False,False,False,FL0693
6F257,Unknown,MAA,CCU,MAA → CCU,2026-04-18 16:04:41.704,2026-04-18 19:55:41.704,231.0,False,False,False,FL0694
SJ135,SpiceJet,MAA,CCU,MAA → CCU,2026-04-18 16:03:41.702,2026-04-18 19:48:41.702,225.0,False,False,False,FL0695
AI247,Air India,BOM,CCU,BOM → CCU,2026-04-18 15:58:41.704,2026-04-18 19:02:41.704,184.0,False,False,False,FL0696
UK127,Vistara,BOM,HYD,BOM → HYD,2026-04-18 15:56:41.702,2026-04-18 20:00:41.702,244.0,False,False,False,FL0697
AI109,Air India,BLR,BOM,BLR → BOM,2026-04-18 15:53:41.702,2026-04-18 20:14:41.702,261.0,False,False,False,FL0698
AI057,Air India,BOM,CCU,BOM → CCU,2026-04-18 15:53:41.701,2026-04-18 19:22:41.701,209.0,False,False,False,FL0699
6F103,IndiGo,CCU,MAA,CCU → MAA,2026-04-18 15:37:41.702,2026-04-18 18:32:41.702,175.0,False,False,False,FL0700
SJ144,SpiceJet,BLR,BOM,BLR → BOM,2026-04-18 15:35:41.702,2026-04-18 19:12:41.702,217.0,False,False,False,FL0701
6F076,IndiGo,CCU,HYD,CCU → HYD,2026-04-18 15:35:41.702,2026-04-18 16:20:41.702,45.0,False,False,False,FL0702
6F240,IndiGo,DEL,HYD,DEL → HYD,2026-04-18 15:31:41.704,2026-04-18 19:56:41.704,265.0,False,False,False,FL0703
UK057,Vistara,CCU,DEL,CCU → DEL,2026-04-18 15:25:41.701,2026-04-18 20:04:41.701,279.0,False,False,False,FL0704
AI201,Air India,BLR,CCU,BLR → CCU,2026-04-18 15:19:41.703,2026-04-18 16:40:41.703,81.0,False,False,False,FL0705
SJ242,SpiceJet,BLR,HYD,BLR → HYD,2026-04-18 14:55:41.704,2026-04-18 17:42:41.704,167.0,False,False,False,FL0706
6F037,IndiGo,BOM,MAA,BOM → MAA,2026-04-18 14:51:41.701,2026-04-18 17:23:41.701,152.0,False,False,False,FL0707
SJ132,SpiceJet,MAA,DEL,MAA → DEL,2026-04-18 14:44:41.702,2026-04-18 15:36:41.702,52.0,False,False,False,FL0708
AI055,Air India,CCU,BOM,CCU → BOM,2026-04-18 14:39:41.701,2026-04-18 16:18:41.701,99.0,False,False,False,FL0709
6F252,Unknown,MAA,BLR,MAA → BLR,2026-04-18 14:25:41.701,2026-04-18 18:52:41.701,267.0,False,False,False,FL0710
AI183,Air India,DEL,CCU,DEL → CCU,2026-04-18 14:24:41.703,2026-04-18 16:06:41.703,102.0,False,False,False,FL0711
SJ125,SpiceJet,DEL,BLR,DEL → BLR,2026-04-18 14:21:41.702,2026-04-18 16:55:41.702,154.0,False,False,False,FL0712
SJ087,SpiceJet,BOM,DEL,BOM → DEL,2026-04-18 14:20:41.702,2026-04-18 19:09:41.702,289.0,False,False,False,FL0713
UK182,Vistara,HYD,CCU,HYD → CCU,2026-04-18 14:19:41.703,2026-04-18 18:25:41.703,246.0,False,False,False,FL0714
AI016,Air India,BOM,CCU,BOM → CCU,2026-04-18 14:15:41.701,2026-04-18 18:38:41.701,263.0,False,False,False,FL0715
6F107,IndiGo,CCU,BLR,CCU → BLR,2026-04-18 14:14:41.702,2026-04-18 17:14:42.000,180.0049666666667,False,False,False,FL0716
AI026,Air India,DEL,BOM,DEL → BOM,2026-04-18 14:14:41.701,2026-04-18 15:13:41.701,59.0,False,False,False,FL0717
AI177,Air India,CCU,HYD,CCU → HYD,2026-04-18 14:11:41.703,2026-04-18 16:26:41.703,135.0,False,False,False,FL0718
AI041,Air India,BOM,BLR,BOM → BLR,2026-04-18 14:08:41.701,2026-04-18 15:59:41.701,111.0,False,False,False,FL0719
6F264,Unknown,DEL,HYD,DEL → HYD,2026-04-18 14:03:41.701,2026-04-18 18:23:41.701,260.0,False,False,False,FL0720
6F222,IndiGo,HYD,MAA,HYD → MAA,2026-04-18 14:01:41.704,2026-04-18 16:11:41.704,130.0,False,False,False,FL0721
AI004,Air India,HYD,MAA,HYD → MAA,2026-04-18 13:58:41.701,2026-04-18 18:12:41.701,254.0,False,False,False,FL0722
SJ126,SpiceJet,DEL,BLR,DEL → BLR,2026-04-18 13:47:41.702,2026-04-18 16:31:41.702,164.0,False,False,False,FL0723
SJ220,SpiceJet,BOM,CCU,BOM → CCU,2026-04-18 13:45:41.703,2026-04-18 15:21:41.703,96.0,False,False,False,FL0724
AI204,Air India,CCU,MAA,CCU → MAA,2026-04-18 13:40:41.703,2026-04-18 18:38:41.703,298.0,False,False,False,FL0725
UK098,Vistara,CCU,DEL,CCU → DEL,2026-04-18 13:38:41.702,2026-04-18 17:54:41.702,256.0,False,False,False,FL0726
AI090,Air India,MAA,CCU,MAA → CCU,2026-04-18 13:37:41.702,2026-04-18 16:11:41.702,154.0,False,False,False,FL0727
AI092,Air India,CCU,BOM,CCU → BOM,2026-04-18 13:36:41.702,2026-04-18 16:20:41.702,164.0,False,False,False,FL0728
AI049,Air India,CCU,MAA,CCU → MAA,2026-04-18 13:35:41.701,2026-04-18 15:48:41.701,133.0,False,False,False,FL0729
UK117,Vistara,BLR,BOM,BLR → BOM,2026-04-18 13:17:41.702,2026-04-18 16:54:41.702,217.0,False,False,False,FL0730
6F227,IndiGo,MAA,BOM,MAA → BOM,2026-04-18 13:16:41.704,2026-04-18 17:41:41.704,265.0,False,False,False,FL0731
AI228,Air India,BLR,BOM,BLR → BOM,2026-04-18 13:16:41.703,2026-04-18 17:44:41.703,268.0,False,False,False,FL0732
SJ164,SpiceJet,CCU,MAA,CCU → MAA,2026-04-18 13:14:41.703,2026-04-18 15:14:42.000,120.00495,False,False,False,FL0733
AI018,Air India,BOM,CCU,BOM → CCU,2026-04-18 13:12:41.701,2026-04-18 18:04:41.701,292.0,False,False,False,FL0734
UK192,Vistara,HYD,DEL,HYD → DEL,2026-04-18 12:54:41.703,2026-04-18 13:54:42.000,60.00495,False,False,False,FL0735
SJ224,SpiceJet,DEL,MAA,DEL → MAA,2026-04-18 12:41:41.703,2026-04-18 15:33:41.703,172.0,False,False,False,FL0736
UK050,Vistara,BOM,DEL,BOM → DEL,2026-04-18 12:39:41.701,2026-04-18 13:18:41.701,39.0,False,False,False,FL0737
SJ159,SpiceJet,CCU,DEL,CCU → DEL,2026-04-18 12:22:41.703,2026-04-18 14:05:41.703,103.0,False,False,False,FL0738
UK038,Vistara,MAA,CCU,MAA → CCU,2026-04-18 12:22:41.701,2026-04-18 15:31:41.701,189.0,False,False,False,FL0739
6F192,IndiGo,CCU,BLR,CCU → BLR,2026-04-18 12:20:41.703,2026-04-18 16:45:41.703,265.0,False,False,False,FL0740
6F173,IndiGo,BOM,CCU,BOM → CCU,2026-04-18 12:19:41.703,2026-04-18 13:08:41.703,49.0,False,False,False,FL0741
AI185,Air India,CCU,BOM,CCU → BOM,2026-04-18 12:16:41.703,2026-04-18 16:18:41.703,242.0,False,False,False,FL0742
SJ152,SpiceJet,BOM,DEL,BOM → DEL,2026-04-18 12:09:41.702,2026-04-18 13:50:41.702,101.0,False,False,False,FL0743
AI215,Air India,BLR,DEL,BLR → DEL,2026-04-18 12:07:41.703,2026-04-18 13:43:41.703,96.0,False,False,False,FL0744
AI074,Air India,CCU,BOM,CCU → BOM,2026-04-18 12:03:41.702,2026-04-18 12:50:41.702,47.0,False,False,False,FL0745
6F109,IndiGo,BLR,BOM,BLR → BOM,2026-04-18 12:00:41.702,2026-04-18 12:51:41.702,51.0,False,False,False,FL0746
6F144,IndiGo,HYD,BOM,HYD → BOM,2026-04-18 11:56:41.702,2026-04-18 15:11:41.702,195.0,False,False,False,FL0747
6F210,IndiGo,HYD,DEL,HYD → DEL,2026-04-18 11:51:41.703,2026-04-18 15:58:41.703,247.0,False,False,False,FL0748
SJ111,SpiceJet,DEL,MAA,DEL → MAA,2026-04-18 11:47:41.702,2026-04-18 12:59:41.702,72.0,False,False,False,FL0749
UK092,Vistara,MAA,BLR,MAA → BLR,2026-04-18 11:42:41.702,2026-04-18 13:17:41.702,95.0,False,False,False,FL0750
UK009,Vistara,BOM,DEL,BOM → DEL,2026-04-18 11:34:41.701,2026-04-18 13:41:41.701,127.0,False,False,False,FL0751
AI170,Air India,HYD,DEL,HYD → DEL,2026-04-18 11:27:41.703,2026-04-18 15:50:41.703,263.0,False,False,False,FL0752
6F154,IndiGo,CCU,DEL,CCU → DEL,2026-04-18 11:26:41.703,2026-04-18 12:23:41.703,57.0,False,False,False,FL0753
6F161,IndiGo,MAA,DEL,MAA → DEL,2026-04-18 11:24:41.703,2026-04-18 12:21:41.703,57.0,False,False,False,FL0754
UK128,Vistara,BOM,CCU,BOM → CCU,2026-04-18 11:22:41.702,2026-04-18 14:11:41.702,169.0,False,False,False,FL0755
AI186,Air India,DEL,BOM,DEL → BOM,2026-04-18 11:11:41.703,2026-04-18 13:05:41.703,114.0,False,False,False,FL0756
AI099,Air India,BLR,BOM,BLR → BOM,2026-04-18 11:07:41.702,2026-04-18 13:29:41.702,142.0,False,False,False,FL0757
6F203,IndiGo,BLR,HYD,BLR → HYD,2026-04-18 11:05:41.703,2026-04-18 12:56:41.703,111.0,False,False,False,FL0758
UK139,Unknown,BLR,MAA,BLR → MAA,2026-04-18 10:54:41.703,2026-04-18 14:31:41.703,217.0,False,False,False,FL0759
SJ008,SpiceJet,HYD,BLR,HYD → BLR,2026-04-18 10:53:41.701,2026-04-18 15:48:41.701,295.0,False,False,False,FL0761
AI171,Air India,MAA,BLR,MAA → BLR,2026-04-18 10:51:41.703,2026-04-18 13:34:41.703,163.0,False,False,False,FL0762
6F124,IndiGo,BLR,BOM,BLR → BOM,2026-04-18 10:47:41.702,2026-04-18 15:21:41.702,274.0,False,False,False,FL0763
6F137,IndiGo,CCU,DEL,CCU → DEL,2026-04-18 10:45:41.702,2026-04-18 15:01:41.702,256.0,False,False,False,FL0764
AI008,Air India,BOM,CCU,BOM → CCU,2026-04-18 10:43:41.701,2026-04-18 12:43:42.000,120.00498333333333,False,False,False,FL0765
SJ140,Unknown,HYD,DEL,HYD → DEL,2026-04-18 10:42:41.702,2026-04-18 14:30:41.702,228.0,False,False,False,FL0766
UK016,Vistara,DEL,CCU,DEL → CCU,2026-04-18 10:42:41.701,2026-04-18 11:22:41.701,40.0,False,False,False,FL0767
AI127,Air India,DEL,HYD,DEL → HYD,2026-04-18 10:37:41.702,2026-04-18 13:45:41.702,188.0,False,False,False,FL0768
SJ096,Unknown,DEL,HYD,DEL → HYD,2026-04-18 10:29:41.702,2026-04-18 13:45:41.702,196.0,False,False,False,FL0769
6F048,IndiGo,HYD,DEL,HYD → DEL,2026-04-18 10:27:41.701,2026-04-18 11:18:41.701,51.0,False,False,False,FL0770
SJ090,SpiceJet,HYD,MAA,HYD → MAA,2026-04-18 10:24:41.702,2026-04-18 13:11:41.702,167.0,False,False,False,FL0771
AI014,Air India,HYD,MAA,HYD → MAA,2026-04-18 10:24:41.701,2026-04-18 13:51:41.701,207.0,False,False,False,FL0772
6F131,IndiGo,BLR,HYD,BLR → HYD,2026-04-18 10:22:41.702,2026-04-18 14:20:41.702,238.0,False,False,False,FL0773
AI130,Air India,BOM,BLR,BOM → BLR,2026-04-18 10:18:41.702,2026-04-18 12:59:41.702,161.0,False,False,False,FL0774
UK151,Unknown,BOM,CCU,BOM → CCU,2026-04-18 10:11:41.703,2026-04-18 13:30:41.703,199.0,False,False,False,FL0775
6F165,IndiGo,BLR,BOM,BLR → BOM,2026-04-18 10:11:41.703,2026-04-18 11:09:41.703,58.0,False,False,False,FL0776
UK161,Vistara,BLR,BOM,BLR → BOM,2026-04-18 10:05:41.703,2026-04-18 12:48:41.703,163.0,False,False,False,FL0777
AI107,Air India,HYD,CCU,HYD → CCU,2026-04-18 10:03:41.702,2026-04-18 10:49:41.702,46.0,False,False,False,FL0778
SJ104,SpiceJet,HYD,DEL,HYD → DEL,2026-04-18 10:00:41.702,2026-04-18 11:00:42.000,60.00496666666666,False,False,False,FL0779
AI042,Air India,CCU,DEL,CCU → DEL,2026-04-18 09:53:41.701,2026-04-18 10:57:41.701,64.0,False,False,False,FL0780
6F266,Unknown,CCU,MAA,CCU → MAA,2026-04-18 09:49:41.703,2026-04-18 11:17:41.703,88.0,False,False,False,FL0781
6F138,IndiGo,HYD,BLR,HYD → BLR,2026-04-18 09:49:41.702,2026-04-18 12:53:41.702,184.0,False,False,False,FL0782
SJ219,SpiceJet,BOM,DEL,BOM → DEL,2026-04-18 09:32:41.703,2026-04-18 14:09:41.703,277.0,False,False,False,FL0783
UK197,Vistara,BLR,HYD,BLR → HYD,2026-04-18 09:22:41.703,2026-04-18 10:54:41.703,92.0,False,False,False,FL0784
6F119,IndiGo,DEL,BOM,DEL → BOM,2026-04-18 09:19:41.702,2026-04-18 11:33:41.702,134.0,False,False,False,FL0785
SJ058,SpiceJet,DEL,HYD,DEL → HYD,2026-04-18 08:58:41.701,2026-04-18 13:14:41.701,256.0,False,False,False,FL0786
AI218,Air India,BOM,CCU,BOM → CCU,2026-04-18 08:55:41.703,2026-04-18 11:55:41.703,180.0,False,False,False,FL0787
SJ060,SpiceJet,HYD,CCU,HYD → CCU,2026-04-18 08:51:41.701,2026-04-18 13:46:41.701,295.0,False,False,False,FL0788
UK121,Vistara,BLR,BOM,BLR → BOM,2026-04-18 08:36:41.702,2026-04-18 12:36:41.702,240.0,False,False,False,FL0789
6F208,IndiGo,CCU,BOM,CCU → BOM,2026-04-18 08:27:41.703,2026-04-18 11:34:41.703,187.0,False,False,False,FL0790
6F153,IndiGo,CCU,BLR,CCU → BLR,2026-04-18 08:23:41.703,2026-04-18 12:20:41.703,237.0,False,False,False,FL0791
AI117,Air India,HYD,BLR,HYD → BLR,2026-04-18 08:18:41.702,2026-04-18 10:09:41.702,111.0,False,False,False,FL0792
SJ113,SpiceJet,BLR,BOM,BLR → BOM,2026-04-18 08:10:41.702,2026-04-18 10:10:42.000,120.00496666666666,False,False,False,FL0793
AI191,Air India,BLR,MAA,BLR → MAA,2026-04-18 07:57:41.703,2026-04-18 11:58:41.703,241.0,False,False,False,FL0794
6F267,Unknown,DEL,MAA,DEL → MAA,2026-04-18 07:56:41.703,2026-04-18 11:49:41.703,233.0,False,False,False,FL0795
6F185,IndiGo,CCU,DEL,CCU → DEL,2026-04-18 07:49:41.703,2026-04-18 10:08:41.703,139.0,False,False,False,FL0796
AI114,Air India,CCU,DEL,CCU → DEL,2026-04-18 07:48:41.702,2026-04-18 09:03:41.702,75.0,False,False,False,FL0797
6F155,IndiGo,DEL,BLR,DEL → BLR,2026-04-18 07:47:41.703,2026-04-18 08:20:41.703,33.0,False,False,False,FL0798
UK045,Vistara,MAA,HYD,MAA → HYD,2026-04-18 07:43:41.701,2026-04-18 09:28:41.701,105.0,False,False,False,FL0799
AI111,Air India,MAA,CCU,MAA → CCU,2026-04-18 07:40:41.702,2026-04-18 10:39:41.702,179.0,False,False,False,FL0800
AI156,Air India,CCU,BOM,CCU → BOM,2026-04-18 07:39:41.703,2026-04-18 09:22:41.703,103.0,False,False,False,FL0801
SJ128,SpiceJet,CCU,BLR,CCU → BLR,2026-04-18 07:39:41.702,2026-04-18 10:42:41.702,183.0,False,False,False,FL0802
AI104,Air India,MAA,HYD,MAA → HYD,2026-04-18 07:35:41.702,2026-04-18 09:20:41.702,105.0,False,False,False,FL0803
6F225,IndiGo,HYD,CCU,HYD → CCU,2026-04-18 07:33:41.704,2026-04-18 12:12:41.704,279.0,False,False,False,FL0804
6F033,IndiGo,DEL,HYD,DEL → HYD,2026-04-18 07:08:41.701,2026-04-18 09:08:41.701,120.0,False,False,False,FL0805
6F244,IndiGo,MAA,CCU,MAA → CCU,2026-04-18 07:07:41.704,2026-04-18 08:31:41.704,84.0,False,False,False,FL0806
UK137,Vistara,BOM,MAA,BOM → MAA,2026-04-18 07:04:41.703,2026-04-18 09:14:41.703,130.0,False,False,False,FL0807
AI063,Air India,HYD,BLR,HYD → BLR,2026-04-18 07:03:41.701,2026-04-18 11:26:41.701,263.0,False,False,False,FL0808
SJ156,SpiceJet,BOM,DEL,BOM → DEL,2026-04-18 06:59:41.703,2026-04-18 07:34:41.703,35.0,False,False,False,FL0809
UK125,Vistara,HYD,BOM,HYD → BOM,2026-04-18 06:58:41.702,2026-04-18 11:44:41.702,286.0,False,False,False,FL0810
AI232,Air India,DEL,BLR,DEL → BLR,2026-04-18 06:43:41.704,2026-04-18 10:13:41.704,210.0,False,False,False,FL0811
AI167,Air India,BLR,DEL,BLR → DEL,2026-04-18 06:43:41.703,2026-04-18 11:10:41.703,267.0,False,False,False,FL0812
UK160,Vistara,BLR,BOM,BLR → BOM,2026-04-18 06:42:41.703,2026-04-18 10:58:41.703,256.0,False,False,False,FL0813
UK129,Vistara,HYD,MAA,HYD → MAA,2026-04-18 06:29:41.702,2026-04-18 07:29:42.000,60.00496666666666,False,False,False,FL0815
SJ230,SpiceJet,BOM,CCU,BOM → CCU,2026-04-18 06:22:41.704,2026-04-18 10:57:41.704,275.0,False,False,False,FL0816
SJ056,SpiceJet,HYD,DEL,HYD → DEL,2026-04-18 06:11:41.701,2026-04-18 07:10:41.701,59.0,False,False,False,FL0817
SJ137,SpiceJet,CCU,DEL,CCU → DEL,2026-04-18 06:08:41.702,2026-04-18 10:14:41.702,246.0,False,False,False,FL0818
6F081,IndiGo,MAA,BLR,MAA → BLR,2026-04-18 06:04:41.702,2026-04-18 07:43:41.702,99.0,False,False,False,FL0819
6F088,IndiGo,CCU,BLR,CCU → BLR,2026-04-18 05:51:41.702,2026-04-18 08:22:41.702,151.0,False,False,False,FL0820
6F121,IndiGo,HYD,MAA,HYD → MAA,2026-04-18 05:44:41.702,2026-04-18 10:42:41.702,298.0,False,False,False,FL0821
UK214,Vistara,HYD,DEL,HYD → DEL,2026-04-18 05:30:41.704,2026-04-18 09:10:41.704,220.0,False,False,False,FL0822
6F060,IndiGo,DEL,BLR,DEL → BLR,2026-04-18 05:29:41.701,2026-04-18 07:29:42.000,120.00498333333333,False,False,False,FL0823
SJ101,SpiceJet,CCU,DEL,CCU → DEL,2026-04-18 05:17:41.702,2026-04-18 06:57:41.702,100.0,False,False,False,FL0824
AI017,Air India,CCU,BOM,CCU → BOM,2026-04-18 05:15:41.701,2026-04-18 08:48:41.701,213.0,False,False,False,FL0825
6F120,IndiGo,BLR,BOM,BLR → BOM,2026-04-18 05:14:41.702,2026-04-18 06:14:41.702,60.0,False,False,False,FL0826
6F217,IndiGo,BLR,BOM,BLR → BOM,2026-04-18 05:13:41.704,2026-04-18 08:01:41.704,168.0,False,False,False,FL0827
AI194,Air India,MAA,BLR,MAA → BLR,2026-04-18 05:09:41.703,2026-04-18 09:38:41.703,269.0,False,False,False,FL0828
AI095,Air India,DEL,MAA,DEL → MAA,2026-04-18 05:00:41.702,2026-04-18 08:18:41.702,198.0,False,False,False,FL0829
SJ190,SpiceJet,BOM,CCU,BOM → CCU,2026-04-18 04:57:41.703,2026-04-18 09:25:41.703,268.0,False,False,False,FL0830
6F139,IndiGo,HYD,MAA,HYD → MAA,2026-04-18 04:55:41.702,2026-04-18 08:17:41.702,202.0,False,False,False,FL0831
6F062,IndiGo,CCU,DEL,CCU → DEL,2026-04-18 04:55:41.701,2026-04-18 06:22:41.701,87.0,False,False,False,FL0832
UK011,Vistara,CCU,DEL,CCU → DEL,2026-04-18 04:41:41.701,2026-04-18 06:25:41.701,104.0,False,False,False,FL0833
6F100,IndiGo,BOM,BLR,BOM → BLR,2026-04-18 04:40:41.702,2026-04-18 07:49:41.702,189.0,False,False,False,FL0834
6F228,IndiGo,HYD,MAA,HYD → MAA,2026-04-18 04:36:41.704,2026-04-18 09:27:41.704,291.0,False,False,False,FL0835
UK033,Vistara,HYD,DEL,HYD → DEL,2026-04-18 04:34:41.701,2026-04-18 09:18:41.701,284.0,False,False,False,FL0836
SJ231,SpiceJet,DEL,BLR,DEL → BLR,2026-04-18 04:23:41.704,2026-04-18 05:48:41.704,85.0,False,False,False,FL0837
AI166,Air India,BOM,CCU,BOM → CCU,2026-04-18 04:20:41.703,2026-04-18 07:23:41.703,183.0,False,False,False,FL0838
SJ176,SpiceJet,DEL,BOM,DEL → BOM,2026-04-18 04:15:41.703,2026-04-18 06:17:41.703,122.0,False,False,False,FL0839
SJ065,SpiceJet,MAA,BLR,MAA → BLR,2026-04-18 04:10:41.701,2026-04-18 06:54:41.701,164.0,False,False,False,FL0840
6F160,IndiGo,MAA,BLR,MAA → BLR,2026-04-18 04:09:41.703,2026-04-18 08:26:41.703,257.0,False,False,False,FL0841
AI089,Air India,CCU,BOM,CCU → BOM,2026-04-18 04:05:41.702,2026-04-18 04:47:41.702,42.0,False,False,False,FL0842
UK226,Vistara,MAA,HYD,MAA → HYD,2026-04-18 03:58:41.704,2026-04-18 05:01:41.704,63.0,False,False,False,FL0843
SJ123,SpiceJet,BOM,CCU,BOM → CCU,2026-04-18 03:57:41.702,2026-04-18 05:25:41.702,88.0,False,False,False,FL0844
AI054,Air India,HYD,CCU,HYD → CCU,2026-04-18 03:44:41.701,2026-04-18 08:10:41.701,266.0,False,False,False,FL0845
UK019,Vistara,BOM,HYD,BOM → HYD,2026-04-18 03:41:41.701,2026-04-18 04:35:41.701,54.0,False,False,False,FL0846
UK032,Vistara,BLR,BOM,BLR → BOM,2026-04-18 03:31:41.701,2026-04-18 07:28:41.701,237.0,False,False,False,FL0847
SJ100,SpiceJet,MAA,BLR,MAA → BLR,2026-04-18 03:28:41.702,2026-04-18 06:50:41.702,202.0,False,False,False,FL0848
SJ094,SpiceJet,MAA,HYD,MAA → HYD,2026-04-18 03:23:41.702,2026-04-18 08:07:41.702,284.0,False,False,False,FL0849
6F101,IndiGo,BOM,MAA,BOM → MAA,2026-04-18 03:18:41.702,2026-04-18 08:15:41.702,297.0,False,False,False,FL0850
6F006,IndiGo,BOM,BLR,BOM → BLR,2026-04-18 03:06:41.701,2026-04-18 05:06:42.000,120.00498333333333,False,False,False,FL0851
AI006,Air India,BOM,BLR,BOM → BLR,2026-04-18 03:04:41.701,2026-04-18 05:54:41.701,170.0,False,False,False,FL0852
AI195,Air India,CCU,MAA,CCU → MAA,2026-04-18 02:58:41.703,2026-04-18 04:57:41.703,119.0,False,False,False,FL0853
UK072,Vistara,BOM,BLR,BOM → BLR,2026-04-18 02:55:41.702,2026-04-18 05:55:42.000,180.0049666666667,False,False,False,FL0854
AI244,Air India,BLR,BOM,BLR → BOM,2026-04-18 02:50:41.704,2026-04-18 03:25:41.704,35.0,False,False,False,FL0855
SJ059,SpiceJet,CCU,DEL,CCU → DEL,2026-04-18 02:50:41.701,2026-04-18 04:06:41.701,76.0,False,False,False,FL0856
SJ009,SpiceJet,CCU,BLR,CCU → BLR,2026-04-18 02:48:41.701,2026-04-18 04:23:41.701,95.0,False,False,False,FL0857
AI121,Air India,HYD,MAA,HYD → MAA,2026-04-18 02:42:41.702,2026-04-18 06:11:41.702,209.0,False,False,False,FL0858
6F265,Unknown,DEL,HYD,DEL → HYD,2026-04-18 02:27:41.703,2026-04-18 03:24:41.703,57.0,False,False,False,FL0859
6F110,IndiGo,HYD,DEL,HYD → DEL,2026-04-18 02:27:41.702,2026-04-18 05:48:41.702,201.0,False,False,False,FL0860
UK018,Vistara,BOM,CCU,BOM → CCU,2026-04-18 02:15:41.701,2026-04-18 04:08:41.701,113.0,False,False,False,FL0861
6F072,IndiGo,BLR,CCU,BLR → CCU,2026-04-18 02:14:41.702,2026-04-18 03:11:41.702,57.0,False,False,False,FL0862
6F159,IndiGo,CCU,BOM,CCU → BOM,2026-04-18 02:08:41.703,2026-04-18 02:43:41.703,35.0,False,False,False,FL0863
6F095,IndiGo,BLR,MAA,BLR → MAA,2026-04-18 01:53:41.702,2026-04-18 05:34:41.702,221.0,False,False,False,FL0864
SJ129,SpiceJet,CCU,BOM,CCU → BOM,2026-04-18 01:48:41.702,2026-04-18 05:48:41.702,240.0,False,False,False,FL0865
UK039,Vistara,HYD,BOM,HYD → BOM,2026-04-18 01:40:41.701,2026-04-18 02:53:41.701,73.0,False,False,False,FL0866
6F130,IndiGo,DEL,HYD,DEL → HYD,2026-04-18 01:27:41.702,2026-04-18 02:45:41.702,78.0,False,False,False,FL0867
6F247,IndiGo,DEL,HYD,DEL → HYD,2026-04-18 01:27:41.702,2026-04-18 02:45:41.702,78.0,False,False,False,FL0868
SJ233,SpiceJet,DEL,HYD,DEL → HYD,2026-04-18 01:18:41.704,2026-04-18 02:56:41.704,98.0,False,False,False,FL0869
6F231,IndiGo,HYD,MAA,HYD → MAA,2026-04-18 01:16:41.704,2026-04-18 05:43:41.704,267.0,False,False,False,FL0870
AI125,Unknown,CCU,DEL,CCU → DEL,2026-04-18 01:12:41.702,2026-04-18 04:51:41.702,219.0,False,False,False,FL0871
6F102,IndiGo,HYD,MAA,HYD → MAA,2026-04-18 01:10:41.702,2026-04-18 02:24:41.702,74.0,False,False,False,FL0872
UK078,Vistara,BOM,HYD,BOM → HYD,2026-04-18 01:03:41.702,2026-04-18 04:32:41.702,209.0,False,False,False,FL0873
UK043,Unknown,DEL,HYD,DEL → HYD,2026-04-18 00:48:41.701,2026-04-18 04:52:41.701,244.0,False,False,False,FL0874
AI144,Air India,MAA,BOM,MAA → BOM,2026-04-18 00:43:41.702,2026-04-18 03:36:41.702,173.0,False,False,False,FL0875
UK054,Vistara,BLR,BOM,BLR → BOM,2026-04-18 00:37:41.701,2026-04-18 05:30:41.701,293.0,False,False,False,FL0876
UK108,Vistara,DEL,BLR,DEL → BLR,2026-04-18 00:28:41.702,2026-04-18 03:46:41.702,198.0,False,False,False,FL0877
6F008,IndiGo,DEL,BOM,DEL → BOM,2026-04-18 00:14:41.701,2026-04-18 04:59:41.701,285.0,False,False,False,FL0878
6F106,IndiGo,BOM,CCU,BOM → CCU,2026-04-18 00:10:41.702,2026-04-18 01:52:41.702,102.0,False,False,False,FL0879
AI203,Air India,BOM,CCU,BOM → CCU,2026-04-18 00:09:41.703,2026-04-18 02:56:41.703,167.0,False,False,False,FL0880
AI065,Unknown,MAA,BLR,MAA → BLR,2026-04-18 00:09:41.701,2026-04-18 05:00:41.701,291.0,False,False,False,FL0881
UK053,Vistara,BLR,BOM,BLR → BOM,2026-04-17 23:56:41.701,2026-04-18 02:46:41.701,170.0,True,False,False,FL0882
UK086,Vistara,CCU,BLR,CCU → BLR,2026-04-17 23:55:41.702,2026-04-18 02:27:41.702,152.0,True,False,False,FL0883
SJ223,SpiceJet,HYD,MAA,HYD → MAA,2026-04-17 23:54:41.703,2026-04-18 01:08:41.703,74.0,True,False,False,FL0884
6F069,IndiGo,MAA,BLR,MAA → BLR,2026-04-17 23:44:41.701,2026-04-18 03:17:41.701,213.0,True,False,False,FL0885
6F032,IndiGo,DEL,BOM,DEL → BOM,2026-04-17 23:43:41.701,2026-04-18 02:22:41.701,159.0,True,False,False,FL0886
UK178,Vistara,DEL,BLR,DEL → BLR,2026-04-17 23:41:41.703,2026-04-18 04:09:41.703,268.0,True,False,False,FL0887
6F108,IndiGo,DEL,HYD,DEL → HYD,2026-04-17 23:41:41.702,2026-04-18 03:23:41.702,222.0,True,False,False,FL0888
UK147,Vistara,CCU,DEL,CCU → DEL,2026-04-17 23:35:41.703,2026-04-18 02:55:41.703,200.0,True,False,False,FL0889
AI187,Air India,BLR,HYD,BLR → HYD,2026-04-17 23:32:41.703,2026-04-18 01:16:41.703,104.0,True,False,False,FL0890
UK213,Vistara,BOM,CCU,BOM → CCU,2026-04-17 23:21:41.704,2026-04-18 01:01:41.704,100.0,True,False,False,FL0891
AI035,Air India,DEL,MAA,DEL → MAA,2026-04-17 23:17:41.701,2026-04-18 00:48:41.701,91.0,True,False,False,FL0892
UK186,Vistara,BOM,BLR,BOM → BLR,2026-04-17 23:05:41.703,2026-04-18 02:22:41.703,197.0,True,False,False,FL0893
6F045,IndiGo,BOM,HYD,BOM → HYD,2026-04-17 23:04:41.701,2026-04-18 03:38:41.701,274.0,True,False,False,FL0894
UK025,Vistara,DEL,BOM,DEL → BOM,2026-04-17 22:55:41.701,2026-04-18 02:47:41.701,232.0,True,False,False,FL0895
UK162,Vistara,BOM,CCU,BOM → CCU,2026-04-17 22:47:41.703,2026-04-18 00:21:41.703,94.0,True,False,False,FL0896
AI157,Air India,BLR,CCU,BLR → CCU,2026-04-17 22:45:41.703,2026-04-18 01:33:41.703,168.0,True,False,False,FL0897
6F096,IndiGo,MAA,BLR,MAA → BLR,2026-04-17 22:45:41.702,2026-04-18 02:58:41.702,253.0,True,False,False,FL0898
SJ229,SpiceJet,CCU,DEL,CCU → DEL,2026-04-17 22:25:41.704,2026-04-18 00:27:41.704,122.0,True,False,False,FL0899
AI214,Air India,CCU,DEL,CCU → DEL,2026-04-17 22:23:41.703,2026-04-18 02:49:41.703,266.0,True,False,False,FL0900
6F205,IndiGo,HYD,BOM,HYD → BOM,2026-04-17 22:16:41.703,2026-04-18 00:02:41.703,106.0,True,False,False,FL0901
SJ157,SpiceJet,DEL,HYD,DEL → HYD,2026-04-17 22:11:41.703,2026-04-18 01:05:41.703,174.0,True,False,False,FL0902
UK114,Vistara,HYD,CCU,HYD → CCU,2026-04-17 22:10:41.702,2026-04-17 23:58:41.702,108.0,False,False,False,FL0903
6F054,IndiGo,HYD,BLR,HYD → BLR,2026-04-17 22:00:41.701,2026-04-18 01:25:41.701,205.0,True,False,False,FL0904
6F216,IndiGo,BLR,DEL,BLR → DEL,2026-04-17 21:58:41.704,2026-04-18 02:51:41.704,293.0,True,False,False,FL0905
AI231,Air India,DEL,HYD,DEL → HYD,2026-04-17 21:52:41.704,2026-04-17 23:51:41.704,119.0,False,False,False,FL0906
UK103,Vistara,MAA,DEL,MAA → DEL,2026-04-17 21:52:41.702,2026-04-18 01:06:41.702,194.0,True,False,False,FL0907
AI066,Air India,HYD,MAA,HYD → MAA,2026-04-17 21:51:41.701,2026-04-18 00:11:41.701,140.0,True,False,False,FL0908
6F186,IndiGo,HYD,BOM,HYD → BOM,2026-04-17 21:48:41.703,2026-04-18 02:02:41.703,254.0,True,False,False,FL0909
AI021,Air India,DEL,HYD,DEL → HYD,2026-04-17 21:39:41.701,2026-04-18 01:38:41.701,239.0,True,False,False,FL0910
AI113,Air India,CCU,HYD,CCU → HYD,2026-04-17 21:21:41.702,2026-04-17 23:51:41.702,150.0,False,False,False,FL0911
SJ031,SpiceJet,DEL,BOM,DEL → BOM,2026-04-17 21:20:41.701,2026-04-17 22:29:41.701,69.0,False,False,False,FL0912
UK217,Vistara,MAA,CCU,MAA → CCU,2026-04-17 21:19:41.704,2026-04-17 22:14:41.704,55.0,False,False,False,FL0913
SJ120,SpiceJet,MAA,BLR,MAA → BLR,2026-04-17 21:19:41.702,2026-04-18 00:56:41.702,217.0,True,False,False,FL0914
UK180,Vistara,CCU,MAA,CCU → MAA,2026-04-17 21:18:41.703,2026-04-17 23:29:41.703,131.0,False,False,False,FL0915
6F242,IndiGo,BLR,MAA,BLR → MAA,2026-04-17 21:10:41.704,2026-04-18 01:04:41.704,234.0,True,False,False,FL0917
UK080,Vistara,BLR,MAA,BLR → MAA,2026-04-17 21:09:41.702,2026-04-17 22:29:41.702,80.0,False,False,False,FL0918
SJ124,SpiceJet,HYD,DEL,HYD → DEL,2026-04-17 21:05:41.702,2026-04-18 01:12:41.702,247.0,True,False,False,FL0919
SJ115,SpiceJet,BOM,HYD,BOM → HYD,2026-04-17 21:05:41.702,2026-04-17 23:10:41.702,125.0,False,False,False,FL0920
AI081,Air India,CCU,BOM,CCU → BOM,2026-04-17 21:03:41.702,2026-04-17 22:51:41.702,108.0,False,False,False,FL0921
AI142,Air India,BOM,DEL,BOM → DEL,2026-04-17 20:49:41.702,2026-04-17 23:03:41.702,134.0,False,False,False,FL0922
UK052,Vistara,BLR,CCU,BLR → CCU,2026-04-17 20:48:41.701,2026-04-17 21:40:41.701,52.0,False,False,False,FL0923
UK014,Vistara,HYD,MAA,HYD → MAA,2026-04-17 20:41:41.701,2026-04-17 22:06:41.701,85.0,False,False,False,FL0924
AI230,Unknown,CCU,BLR,CCU → BLR,2026-04-17 20:37:41.704,2026-04-18 00:22:41.704,225.0,True,False,False,FL0925
6F268,Unknown,DEL,MAA,DEL → MAA,2026-04-17 20:29:41.701,2026-04-17 21:58:41.701,89.0,False,False,False,FL0926
AI124,Air India,CCU,HYD,CCU → HYD,2026-04-17 20:28:41.702,2026-04-18 00:00:41.702,212.0,True,False,False,FL0927
6F082,IndiGo,BOM,BLR,BOM → BLR,2026-04-17 20:26:41.702,2026-04-17 22:26:41.702,120.0,False,False,False,FL0928
SJ035,SpiceJet,CCU,DEL,CCU → DEL,2026-04-17 20:15:41.701,2026-04-17 21:15:42.000,60.004983333333335,False,False,False,FL0929
SJ095,SpiceJet,DEL,MAA,DEL → MAA,2026-04-17 20:09:41.702,2026-04-17 23:13:41.702,184.0,False,False,False,FL0930
UK230,Vistara,BLR,BOM,BLR → BOM,2026-04-17 20:02:41.704,2026-04-17 21:35:41.704,93.0,False,False,False,FL0931
UK171,Vistara,HYD,CCU,HYD → CCU,2026-04-17 19:59:41.703,2026-04-17 22:53:41.703,174.0,False,False,False,FL0932
6F147,IndiGo,HYD,MAA,HYD → MAA,2026-04-17 19:57:41.703,2026-04-18 00:31:41.703,274.0,True,False,False,FL0933
SJ212,Unknown,MAA,BLR,MAA → BLR,2026-04-17 19:49:41.703,2026-04-17 21:44:41.703,115.0,False,False,False,FL0934
6F080,IndiGo,HYD,MAA,HYD → MAA,2026-04-17 19:47:41.702,2026-04-17 23:13:41.702,206.0,False,False,False,FL0935
UK049,Vistara,HYD,BOM,HYD → BOM,2026-04-17 19:47:41.701,2026-04-17 20:32:41.701,45.0,False,False,False,FL0936
AI152,Air India,BLR,CCU,BLR → CCU,2026-04-17 19:21:41.703,2026-04-17 20:26:41.703,65.0,False,False,False,FL0938
AI162,Air India,MAA,DEL,MAA → DEL,2026-04-17 19:20:41.703,2026-04-17 22:40:41.703,200.0,False,False,False,FL0939
SJ037,SpiceJet,BLR,BOM,BLR → BOM,2026-04-17 19:14:41.701,2026-04-17 22:31:41.701,197.0,False,False,False,FL0940
AI172,Air India,BOM,CCU,BOM → CCU,2026-04-17 19:08:41.703,2026-04-17 19:53:41.703,45.0,False,False,False,FL0942
UK205,Vistara,HYD,MAA,HYD → MAA,2026-04-17 18:57:41.703,2026-04-17 21:46:41.703,169.0,False,False,False,FL0943
AI199,Air India,HYD,DEL,HYD → DEL,2026-04-17 18:47:41.703,2026-04-17 22:26:41.703,219.0,False,False,False,FL0944
6F241,IndiGo,DEL,HYD,DEL → HYD,2026-04-17 18:27:41.704,2026-04-17 19:02:41.704,35.0,False,False,False,FL0945
SJ041,SpiceJet,CCU,HYD,CCU → HYD,2026-04-17 18:24:41.701,2026-04-17 22:59:41.701,275.0,False,False,False,FL0946
AI064,Air India,BLR,MAA,BLR → MAA,2026-04-17 18:24:41.701,2026-04-17 20:07:41.701,103.0,False,False,False,FL0947
UK169,Vistara,HYD,DEL,HYD → DEL,2026-04-17 18:12:41.703,2026-04-17 23:01:41.703,289.0,False,False,False,FL0948
UK144,Vistara,BOM,CCU,BOM → CCU,2026-04-17 18:07:41.703,2026-04-17 20:59:41.703,172.0,False,False,False,FL0949
AI118,Air India,HYD,MAA,HYD → MAA,2026-04-17 17:50:41.702,2026-04-17 19:59:41.702,129.0,False,False,False,FL0950
SJ145,SpiceJet,BLR,HYD,BLR → HYD,2026-04-17 17:41:41.702,2026-04-17 20:38:41.702,177.0,False,False,False,FL0951
SJ077,SpiceJet,BLR,MAA,BLR → MAA,2026-04-17 17:32:41.701,2026-04-17 19:40:41.701,128.0,False,False,False,FL0952
AI126,Air India,MAA,HYD,MAA → HYD,2026-04-17 17:26:41.702,2026-04-17 20:48:41.702,202.0,False,False,False,FL0953
SJ033,SpiceJet,HYD,DEL,HYD → DEL,2026-04-17 17:26:41.701,2026-04-17 18:51:41.701,85.0,False,False,False,FL0954
SJ180,SpiceJet,HYD,CCU,HYD → CCU,2026-04-17 17:12:41.703,2026-04-17 22:00:41.703,288.0,False,False,False,FL0955
6F183,IndiGo,MAA,HYD,MAA → HYD,2026-04-17 17:08:41.703,2026-04-17 19:52:41.703,164.0,False,False,False,FL0956
AI145,Unknown,DEL,BOM,DEL → BOM,2026-04-17 17:06:41.702,2026-04-17 21:31:41.702,265.0,False,False,False,FL0957
6F089,IndiGo,DEL,HYD,DEL → HYD,2026-04-17 17:06:41.702,2026-04-17 19:10:41.702,124.0,False,False,False,FL0958
6F207,IndiGo,BOM,HYD,BOM → HYD,2026-04-17 16:59:41.703,2026-04-17 21:00:41.703,241.0,False,False,False,FL0959
AI229,Air India,HYD,MAA,HYD → MAA,2026-04-17 16:48:41.703,2026-04-17 18:40:41.703,112.0,False,False,False,FL0960
6F223,IndiGo,MAA,BLR,MAA → BLR,2026-04-17 16:47:41.704,2026-04-17 17:21:41.704,34.0,False,False,False,FL0961
6F116,IndiGo,MAA,CCU,MAA → CCU,2026-04-17 16:43:41.702,2026-04-17 19:02:41.702,139.0,False,False,False,FL0962
SJ240,SpiceJet,BOM,HYD,BOM → HYD,2026-04-17 16:42:41.704,2026-04-17 20:21:41.704,219.0,False,False,False,FL0963
SJ184,SpiceJet,CCU,DEL,CCU → DEL,2026-04-17 16:32:41.703,2026-04-17 21:00:41.703,268.0,False,False,False,FL0964
AI087,Air India,MAA,DEL,MAA → DEL,2026-04-17 16:32:41.702,2026-04-17 20:30:41.702,238.0,False,False,False,FL0965
UK148,Vistara,HYD,BOM,HYD → BOM,2026-04-17 16:31:41.703,2026-04-17 18:43:41.703,132.0,False,False,False,FL0966
AI210,Air India,BLR,BOM,BLR → BOM,2026-04-17 16:13:41.703,2026-04-17 18:50:41.703,157.0,False,False,False,FL0967
6F093,IndiGo,CCU,DEL,CCU → DEL,2026-04-17 16:09:41.702,2026-04-17 20:00:41.702,231.0,False,False,False,FL0968
SJ080,SpiceJet,CCU,MAA,CCU → MAA,2026-04-17 16:04:41.702,2026-04-17 17:59:41.702,115.0,False,False,False,FL0969
SJ005,SpiceJet,DEL,MAA,DEL → MAA,2026-04-17 16:03:41.701,2026-04-17 17:24:41.701,81.0,False,False,False,FL0970
6F040,IndiGo,HYD,CCU,HYD → CCU,2026-04-17 15:52:41.701,2026-04-17 20:33:41.701,281.0,False,False,False,FL0971
AI212,Air India,DEL,CCU,DEL → CCU,2026-04-17 15:31:41.703,2026-04-17 20:13:41.703,282.0,False,False,False,FL0972
AI154,Air India,HYD,MAA,HYD → MAA,2026-04-17 15:25:41.703,2026-04-17 19:16:41.703,231.0,False,False,False,FL0973
6F239,IndiGo,CCU,BOM,CCU → BOM,2026-04-17 15:24:41.704,2026-04-17 17:37:41.704,133.0,False,False,False,FL0974
UK199,Vistara,BOM,CCU,BOM → CCU,2026-04-17 15:24:41.703,2026-04-17 18:55:41.703,211.0,False,False,False,FL0975
6F218,IndiGo,BLR,BOM,BLR → BOM,2026-04-17 15:16:41.704,2026-04-17 19:03:41.704,227.0,False,False,False,FL0976
6F011,IndiGo,MAA,BLR,MAA → BLR,2026-04-17 15:16:41.701,2026-04-17 17:16:42.000,120.00498333333333,False,False,False,FL0977
UK106,Vistara,BOM,CCU,BOM → CCU,2026-04-17 15:12:41.702,2026-04-17 17:23:41.702,131.0,False,False,False,FL0978
UK030,Vistara,CCU,DEL,CCU → DEL,2026-04-17 15:11:41.701,2026-04-17 19:38:41.701,267.0,False,False,False,FL0979
6F090,IndiGo,HYD,BLR,HYD → BLR,2026-04-17 15:10:41.702,2026-04-17 19:22:41.702,252.0,False,False,False,FL0980
AI184,Air India,BOM,CCU,BOM → CCU,2026-04-17 15:03:41.703,2026-04-17 17:03:42.000,120.00495,False,False,False,FL0981
SJ232,SpiceJet,MAA,BLR,MAA → BLR,2026-04-17 15:02:41.704,2026-04-17 19:22:41.704,260.0,False,False,False,FL0982
AI153,Air India,BOM,CCU,BOM → CCU,2026-04-17 15:02:41.703,2026-04-17 16:30:41.703,88.0,False,False,False,FL0983
UK101,Vistara,DEL,HYD,DEL → HYD,2026-04-17 15:00:41.702,2026-04-17 17:43:41.702,163.0,False,False,False,FL0984
6F200,IndiGo,HYD,DEL,HYD → DEL,2026-04-17 14:54:41.703,2026-04-17 19:41:41.703,287.0,False,False,False,FL0985
6F162,IndiGo,CCU,BOM,CCU → BOM,2026-04-17 14:50:41.703,2026-04-17 17:44:41.703,174.0,False,False,False,FL0986
SJ197,SpiceJet,HYD,BLR,HYD → BLR,2026-04-17 14:49:41.703,2026-04-17 17:33:41.703,164.0,False,False,False,FL0987
AI174,Air India,DEL,CCU,DEL → CCU,2026-04-17 14:45:41.703,2026-04-17 17:01:41.703,136.0,False,False,False,FL0988
UK090,Vistara,HYD,MAA,HYD → MAA,2026-04-17 14:44:41.702,2026-04-17 17:24:41.702,160.0,False,False,False,FL0989
UK124,Vistara,MAA,BLR,MAA → BLR,2026-04-17 14:35:41.702,2026-04-17 17:09:41.702,154.0,False,False,False,FL0990
AI239,Air India,BOM,HYD,BOM → HYD,2026-04-17 14:33:41.704,2026-04-17 17:47:41.704,194.0,False,False,False,FL0991
UK002,Vistara,CCU,MAA,CCU → MAA,2026-04-17 14:28:41.700,2026-04-17 19:20:41.700,292.0,False,False,False,FL0992
SJ055,SpiceJet,HYD,MAA,HYD → MAA,2026-04-17 14:17:41.701,2026-04-17 17:56:41.701,219.0,False,False,False,FL0993
UK132,Vistara,BOM,DEL,BOM → DEL,2026-04-17 14:12:41.702,2026-04-17 16:19:41.702,127.0,False,False,False,FL0994
6F002,IndiGo,BLR,MAA,BLR → MAA,2026-04-17 14:11:41.700,2026-04-17 17:34:41.700,203.0,False,False,False,FL0995
UK005,Vistara,BOM,MAA,BOM → MAA,2026-04-17 14:02:41.701,2026-04-17 18:14:41.701,252.0,False,False,False,FL0996
6F258,Unknown,BOM,DEL,BOM → DEL,2026-04-17 13:54:41.703,2026-04-17 16:49:41.703,175.0,False,False,False,FL0997
SJ244,SpiceJet,BLR,DEL,BLR → DEL,2026-04-17 13:51:41.704,2026-04-17 15:39:41.704,108.0,False,False,False,FL0998
AI075,Air India,CCU,DEL,CCU → DEL,2026-04-17 13:51:41.702,2026-04-17 16:49:41.702,178.0,False,False,False,FL0999
AI160,Air India,MAA,DEL,MAA → DEL,2026-04-17 13:41:41.703,2026-04-17 17:01:41.703,200.0,False,False,False,FL1000
UK091,Vistara,CCU,BOM,CCU → BOM,2026-04-17 13:37:41.702,2026-04-17 17:31:41.702,234.0,False,False,False,FL1001
UK195,Vistara,HYD,BOM,HYD → BOM,2026-04-17 13:35:41.703,2026-04-17 16:35:41.703,180.0,False,False,False,FL1002
6F044,IndiGo,DEL,HYD,DEL → HYD,2026-04-17 13:25:41.701,2026-04-17 17:36:41.701,251.0,False,False,False,FL1003
6F248,IndiGo,DEL,HYD,DEL → HYD,2026-04-17 13:25:41.701,2026-04-17 17:36:41.701,251.0,False,False,False,FL1004
6F204,IndiGo,DEL,CCU,DEL → CCU,2026-04-17 13:23:41.703,2026-04-17 16:04:41.703,161.0,False,False,False,FL1005
SJ092,SpiceJet,BLR,MAA,BLR → MAA,2026-04-17 13:19:41.702,2026-04-17 17:56:41.702,277.0,False,False,False,FL1006
AI119,Air India,MAA,BLR,MAA → BLR,2026-04-17 13:15:41.702,2026-04-17 15:57:41.702,162.0,False,False,False,FL1007
AI151,Air India,MAA,HYD,MAA → HYD,2026-04-17 13:14:41.703,2026-04-17 14:10:41.703,56.0,False,False,False,FL1008
UK107,Vistara,HYD,BOM,HYD → BOM,2026-04-17 13:09:41.702,2026-04-17 14:25:41.702,76.0,False,False,False,FL1009
SJ019,SpiceJet,BLR,DEL,BLR → DEL,2026-04-17 13:07:41.701,2026-04-17 15:56:41.701,169.0,False,False,False,FL1010
AI052,Air India,CCU,MAA,CCU → MAA,2026-04-17 13:06:41.701,2026-04-17 15:42:41.701,156.0,False,False,False,FL1011
SJ177,SpiceJet,BOM,CCU,BOM → CCU,2026-04-17 13:04:41.703,2026-04-17 17:37:41.703,273.0,False,False,False,FL1012
6F215,IndiGo,DEL,BLR,DEL → BLR,2026-04-17 13:00:41.703,2026-04-17 17:30:41.703,270.0,False,False,False,FL1013
AI223,Air India,BOM,CCU,BOM → CCU,2026-04-17 12:53:41.703,2026-04-17 14:42:41.703,109.0,False,False,False,FL1014
SJ069,SpiceJet,HYD,BLR,HYD → BLR,2026-04-17 12:53:41.701,2026-04-17 14:17:41.701,84.0,False,False,False,FL1015
6F198,IndiGo,HYD,BLR,HYD → BLR,2026-04-17 12:40:41.703,2026-04-17 17:39:41.703,299.0,False,False,False,FL1016
AI093,Air India,BOM,BLR,BOM → BLR,2026-04-17 12:35:41.702,2026-04-17 17:28:41.702,293.0,False,False,False,FL1017
UK062,Vistara,HYD,DEL,HYD → DEL,2026-04-17 12:33:41.701,2026-04-17 15:35:41.701,182.0,False,False,False,FL1018
6F057,IndiGo,MAA,DEL,MAA → DEL,2026-04-17 12:32:41.701,2026-04-17 15:50:41.701,198.0,False,False,False,FL1019
UK064,Vistara,BOM,DEL,BOM → DEL,2026-04-17 12:25:41.701,2026-04-17 14:55:41.701,150.0,False,False,False,FL1020
